order_id,customer_id,product_category,quantity,unit_price,total_amount,order_timestamp
ORD-00001,CUST-4563,home,4,198.14,792.56,2026-04-12 10:46:09.764877
ORD-00002,CUST-7903,fashion,4,206.34,825.36,2026-05-05 10:46:09.764894
ORD-00003,CUST-7833,sports,3,90.85,272.55,2026-04-28 10:46:09.764902
ORD-00004,CUST-5427,home,5,245.16,1225.8,2026-05-01 10:46:09.764909
ORD-00005,CUST-6053,fashion,3,437.44,1312.32,2026-04-25 10:46:09.764916
ORD-00006,CUST-4146,fashion,2,281.05,562.1,2026-04-14 10:46:09.764922
ORD-00007,CUST-2778,books,4,367.55,1470.2,2026-04-16 10:46:09.764928
ORD-00008,CUST-7139,home,4,296.57,1186.28,2026-04-15 10:46:09.764934
ORD-00009,CUST-5873,fashion,1,39.77,39.77,2026-04-15 10:46:09.764940
ORD-00010,CUST-4135,electronics,2,93.39,186.78,2026-04-17 10:46:09.764947
ORD-00011,CUST-1595,fashion,3,234.7,704.1,2026-05-08 10:46:09.764953
ORD-00012,CUST-1338,home,2,92.94,185.88,2026-05-07 10:46:09.764959
ORD-00013,CUST-3803,home,3,234.4,703.2,2026-05-06 10:46:09.764965
ORD-00014,CUST-9051,electronics,4,202.18,808.72,2026-04-12 10:46:09.764971
ORD-00015,CUST-4539,fashion,2,451.81,903.62,2026-05-02 10:46:09.764976
ORD-00016,CUST-5312,books,5,305.33,1526.65,2026-04-29 10:46:09.764983
ORD-00017,CUST-3562,fashion,3,429.38,1288.14,2026-04-26 10:46:09.764989
ORD-00018,CUST-4760,fashion,1,380.56,380.56,2026-05-09 10:46:09.764995
ORD-00019,CUST-4233,sports,2,361.76,723.52,2026-04-20 10:46:09.765000
ORD-00020,CUST-3858,books,4,110.13,440.52,2026-04-13 10:46:09.765006
ORD-00021,CUST-8039,electronics,5,77.65,388.25,2026-05-01 10:46:09.765012
ORD-00022,CUST-9512,books,4,177.45,709.8,2026-04-19 10:46:09.765018
ORD-00023,CUST-1491,sports,2,358.2,716.4,2026-04-27 10:46:09.765024
ORD-00024,CUST-3777,books,4,56.39,225.56,2026-05-10 10:46:09.765030
ORD-00025,CUST-3842,home,5,201.13,1005.65,2026-04-18 10:46:09.765036
ORD-00026,CUST-4916,books,1,170.62,170.62,2026-05-12 10:46:09.765042
ORD-00027,CUST-9804,sports,1,484.15,484.15,2026-04-25 10:46:09.765049
ORD-00028,CUST-2079,home,4,208.71,834.84,2026-05-07 10:46:09.765055
ORD-00029,CUST-6849,books,5,460.26,2301.3,2026-05-07 10:46:09.765061
ORD-00030,CUST-7427,electronics,1,136.75,136.75,2026-04-22 10:46:09.765067
ORD-00031,CUST-4585,electronics,4,409.41,1637.64,2026-04-22 10:46:09.765079
ORD-00032,CUST-6803,books,1,453.55,453.55,2026-05-06 10:46:09.765085
ORD-00033,CUST-5498,home,2,287.05,574.1,2026-05-12 10:46:09.765091
ORD-00034,CUST-6198,books,2,404.11,808.22,2026-04-20 10:46:09.765097
ORD-00035,CUST-9556,electronics,2,107.75,215.5,2026-04-18 10:46:09.765103
ORD-00036,CUST-4423,fashion,2,482.91,965.82,2026-05-08 10:46:09.765109
ORD-00037,CUST-8864,electronics,1,370.8,370.8,2026-05-04 10:46:09.765115
ORD-00038,CUST-8101,electronics,1,470.06,470.06,2026-05-02 10:46:09.765120
ORD-00039,CUST-2081,books,1,395.29,395.29,2026-04-23 10:46:09.765126
ORD-00040,CUST-2023,sports,5,17.66,88.3,2026-04-21 10:46:09.765132
ORD-00041,CUST-1166,fashion,5,191.45,957.25,2026-04-17 10:46:09.765138
ORD-00042,CUST-5013,electronics,1,486.99,486.99,2026-04-24 10:46:09.765144
ORD-00043,CUST-2597,electronics,3,167.55,502.65,2026-05-12 10:46:09.765153
ORD-00044,CUST-8358,books,2,331.93,663.86,2026-04-23 10:46:09.765159
ORD-00045,CUST-2384,fashion,3,338.31,1014.93,2026-05-07 10:46:09.765165
ORD-00046,CUST-1450,home,5,306.85,1534.25,2026-05-02 10:46:09.765172
ORD-00047,CUST-1679,electronics,1,350.59,350.59,2026-04-28 10:46:09.765178
ORD-00048,CUST-1457,sports,1,39.56,39.56,2026-05-08 10:46:09.765184
ORD-00049,CUST-6795,home,3,84.34,253.02,2026-05-01 10:46:09.765190
ORD-00050,CUST-5781,electronics,3,223.44,670.32,2026-05-03 10:46:09.765196
ORD-00051,CUST-7483,home,4,482.85,1931.4,2026-04-12 10:46:09.765202
ORD-00052,CUST-3385,home,1,342.44,342.44,2026-05-07 10:46:09.765207
ORD-00053,CUST-1400,home,3,18.63,55.89,2026-05-07 10:46:09.765213
ORD-00054,CUST-9794,electronics,4,240.18,960.72,2026-05-01 10:46:09.765220
ORD-00055,CUST-2234,electronics,1,290.95,290.95,2026-04-21 10:46:09.765225
ORD-00056,CUST-7497,fashion,4,458.71,1834.84,2026-04-29 10:46:09.765231
ORD-00057,CUST-6669,electronics,3,102.73,308.19,2026-04-28 10:46:09.765237
ORD-00058,CUST-2663,sports,4,392.36,1569.44,2026-04-26 10:46:09.765244
ORD-00059,CUST-5997,books,1,153.5,153.5,2026-04-23 10:46:09.765249
ORD-00060,CUST-1922,electronics,1,171.76,171.76,2026-05-08 10:46:09.765255
ORD-00061,CUST-4042,fashion,2,47.32,94.64,2026-04-14 10:46:09.765261
ORD-00062,CUST-8968,electronics,3,230.92,692.76,2026-05-11 10:46:09.765267
ORD-00063,CUST-7556,sports,3,111.51,334.53,2026-04-23 10:46:09.765273
ORD-00064,CUST-8515,electronics,2,187.24,374.48,2026-05-04 10:46:09.765278
ORD-00065,CUST-3072,sports,1,300.15,300.15,2026-04-25 10:46:09.765284
ORD-00066,CUST-3146,sports,3,48.21,144.63,2026-04-28 10:46:09.765291
ORD-00067,CUST-9190,home,4,324.26,1297.04,2026-04-26 10:46:09.765297
ORD-00068,CUST-2839,fashion,3,389.18,1167.54,2026-05-03 10:46:09.765302
ORD-00069,CUST-6020,home,3,418.01,1254.03,2026-04-30 10:46:09.765308
ORD-00070,CUST-3004,books,5,263.57,1317.85,2026-04-23 10:46:09.765315
ORD-00071,CUST-6177,sports,4,482.28,1929.12,2026-05-09 10:46:09.765321
ORD-00072,CUST-2152,books,1,225.23,225.23,2026-05-02 10:46:09.765327
ORD-00073,CUST-4850,sports,4,178.17,712.68,2026-04-27 10:46:09.765333
ORD-00074,CUST-8253,books,1,264.19,264.19,2026-04-30 10:46:09.765338
ORD-00075,CUST-4894,home,4,464.79,1859.16,2026-04-17 10:46:09.765344
ORD-00076,CUST-7032,books,5,282.99,1414.95,2026-04-24 10:46:09.765350
ORD-00077,CUST-9465,electronics,2,173.85,347.7,2026-04-23 10:46:09.765356
ORD-00078,CUST-9312,electronics,5,246.81,1234.05,2026-05-09 10:46:09.765365
ORD-00079,CUST-9112,home,2,201.82,403.64,2026-05-01 10:46:09.765372
ORD-00080,CUST-8240,electronics,1,297.73,297.73,2026-04-14 10:46:09.765377
ORD-00081,CUST-9118,sports,1,433.08,433.08,2026-04-20 10:46:09.765383
ORD-00082,CUST-7167,sports,5,138.13,690.65,2026-04-30 10:46:09.765389
ORD-00083,CUST-6258,electronics,3,307.89,923.67,2026-04-22 10:46:09.765395
ORD-00084,CUST-4968,sports,5,12.71,63.55,2026-04-15 10:46:09.765401
ORD-00085,CUST-1927,home,4,403.51,1614.04,2026-05-12 10:46:09.765408
ORD-00086,CUST-9990,fashion,1,486.29,486.29,2026-04-12 10:46:09.765414
ORD-00087,CUST-3962,books,3,227.99,683.97,2026-04-14 10:46:09.765420
ORD-00088,CUST-2682,fashion,4,328.32,1313.28,2026-05-04 10:46:09.765426
ORD-00089,CUST-6555,books,2,308.13,616.26,2026-04-24 10:46:09.765431
ORD-00090,CUST-8006,home,2,169.78,339.56,2026-04-16 10:46:09.765437
ORD-00091,CUST-7914,fashion,4,51.55,206.2,2026-05-01 10:46:09.765443
ORD-00092,CUST-5840,electronics,5,289.95,1449.75,2026-05-06 10:46:09.765449
ORD-00093,CUST-3372,sports,3,145.85,437.55,2026-05-06 10:46:09.765455
ORD-00094,CUST-6047,sports,2,189.37,378.74,2026-05-03 10:46:09.765461
ORD-00095,CUST-1966,electronics,5,246.0,1230.0,2026-04-15 10:46:09.765468
ORD-00096,CUST-5658,fashion,3,331.29,993.87,2026-05-09 10:46:09.765476
ORD-00097,CUST-6404,home,5,443.17,2215.85,2026-04-20 10:46:09.765482
ORD-00098,CUST-7894,books,3,477.32,1431.96,2026-05-02 10:46:09.765488
ORD-00099,CUST-3361,sports,5,172.25,861.25,2026-04-14 10:46:09.765494
ORD-00100,CUST-1384,fashion,1,443.41,443.41,2026-05-04 10:46:09.765500
ORD-00101,CUST-3086,books,2,237.51,475.02,2026-05-06 10:46:09.765505
ORD-00102,CUST-5490,books,2,84.9,169.8,2026-05-01 10:46:09.765511
ORD-00103,CUST-1060,electronics,4,387.58,1550.32,2026-05-01 10:46:09.765517
ORD-00104,CUST-2386,sports,2,410.83,821.66,2026-04-22 10:46:09.765523
ORD-00105,CUST-1720,sports,1,369.73,369.73,2026-05-02 10:46:09.765529
ORD-00106,CUST-4974,fashion,2,310.29,620.58,2026-05-02 10:46:09.765535
ORD-00107,CUST-2803,home,2,354.16,708.32,2026-05-06 10:46:09.765541
ORD-00108,CUST-5605,fashion,3,219.45,658.35,2026-05-06 10:46:09.765547
ORD-00109,CUST-7347,fashion,4,379.12,1516.48,2026-05-01 10:46:09.765553
ORD-00110,CUST-8746,electronics,1,66.14,66.14,2026-05-11 10:46:09.765559
ORD-00111,CUST-1757,fashion,2,446.46,892.92,2026-04-18 10:46:09.765564
ORD-00112,CUST-3551,electronics,2,405.93,811.86,2026-05-11 10:46:09.765570
ORD-00113,CUST-9884,sports,3,123.66,370.98,2026-05-11 10:46:09.765576
ORD-00114,CUST-5017,books,2,466.51,933.02,2026-05-05 10:46:09.765582
ORD-00115,CUST-4168,books,1,351.13,351.13,2026-04-14 10:46:09.765588
ORD-00116,CUST-7212,books,3,296.63,889.89,2026-04-15 10:46:09.765595
ORD-00117,CUST-5743,fashion,2,376.28,752.56,2026-04-14 10:46:09.765601
ORD-00118,CUST-1861,books,5,219.54,1097.7,2026-05-09 10:46:09.765608
ORD-00119,CUST-3043,home,4,461.34,1845.36,2026-04-16 10:46:09.765614
ORD-00120,CUST-3672,sports,4,172.32,689.28,2026-05-11 10:46:09.765620
ORD-00121,CUST-1582,fashion,2,316.89,633.78,2026-05-04 10:46:09.765626
ORD-00122,CUST-2225,electronics,1,293.93,293.93,2026-04-17 10:46:09.765632
ORD-00123,CUST-6475,sports,2,74.41,148.82,2026-04-17 10:46:09.765637
ORD-00124,CUST-8255,electronics,1,449.0,449.0,2026-05-10 10:46:09.765644
ORD-00125,CUST-5417,home,5,488.27,2441.35,2026-04-22 10:46:09.765649
ORD-00126,CUST-9208,sports,2,345.82,691.64,2026-05-08 10:46:09.765655
ORD-00127,CUST-2869,home,3,91.74,275.22,2026-05-04 10:46:09.765661
ORD-00128,CUST-5885,home,5,342.66,1713.3,2026-05-04 10:46:09.765667
ORD-00129,CUST-1917,fashion,1,479.1,479.1,2026-04-24 10:46:09.765673
ORD-00130,CUST-7067,home,2,176.24,352.48,2026-04-17 10:46:09.765680
ORD-00131,CUST-2261,books,2,32.99,65.98,2026-05-12 10:46:09.765686
ORD-00132,CUST-6915,sports,4,15.72,62.88,2026-05-01 10:46:09.765691
ORD-00133,CUST-5707,electronics,1,383.03,383.03,2026-04-18 10:46:09.765697
ORD-00134,CUST-5091,electronics,4,73.99,295.96,2026-05-07 10:46:09.765703
ORD-00135,CUST-8991,home,2,198.39,396.78,2026-04-14 10:46:09.765709
ORD-00136,CUST-1436,books,3,472.51,1417.53,2026-04-14 10:46:09.765715
ORD-00137,CUST-9561,electronics,1,24.59,24.59,2026-05-05 10:46:09.765721
ORD-00138,CUST-3223,books,1,319.26,319.26,2026-04-30 10:46:09.765726
ORD-00139,CUST-3124,home,4,55.83,223.32,2026-04-23 10:46:09.765732
ORD-00140,CUST-8979,electronics,2,275.73,551.46,2026-04-25 10:46:09.765738
ORD-00141,CUST-2709,home,3,222.4,667.2,2026-04-29 10:46:09.765744
ORD-00142,CUST-3388,sports,1,309.64,309.64,2026-04-23 10:46:09.765750
ORD-00143,CUST-5006,sports,4,295.88,1183.52,2026-05-02 10:46:09.765756
ORD-00144,CUST-3107,fashion,1,283.95,283.95,2026-05-10 10:46:09.765761
ORD-00145,CUST-3794,home,5,132.45,662.25,2026-04-29 10:46:09.765767
ORD-00146,CUST-4955,books,4,96.05,384.2,2026-04-18 10:46:09.765773
ORD-00147,CUST-9866,books,3,213.17,639.51,2026-05-02 10:46:09.765779
ORD-00148,CUST-2723,home,1,401.27,401.27,2026-05-02 10:46:09.765785
ORD-00149,CUST-2443,fashion,2,189.86,379.72,2026-04-30 10:46:09.765793
ORD-00150,CUST-1682,home,2,472.3,944.6,2026-04-16 10:46:09.765799
ORD-00151,CUST-8277,sports,4,365.66,1462.64,2026-04-25 10:46:09.765805
ORD-00152,CUST-9845,home,5,97.84,489.2,2026-04-29 10:46:09.765811
ORD-00153,CUST-6689,home,5,248.97,1244.85,2026-04-27 10:46:09.765817
ORD-00154,CUST-2000,fashion,2,433.39,866.78,2026-05-07 10:46:09.765824
ORD-00155,CUST-2132,home,5,432.5,2162.5,2026-04-30 10:46:09.765830
ORD-00156,CUST-9932,books,4,148.27,593.08,2026-04-12 10:46:09.765836
ORD-00157,CUST-5625,fashion,5,180.51,902.55,2026-04-17 10:46:09.765841
ORD-00158,CUST-1247,fashion,2,71.25,142.5,2026-04-29 10:46:09.765848
ORD-00159,CUST-7602,electronics,2,469.91,939.82,2026-05-03 10:46:09.765854
ORD-00160,CUST-3928,fashion,2,324.59,649.18,2026-04-16 10:46:09.765860
ORD-00161,CUST-5554,fashion,5,192.85,964.25,2026-04-26 10:46:09.765865
ORD-00162,CUST-6168,sports,1,431.14,431.14,2026-05-05 10:46:09.765871
ORD-00163,CUST-4750,books,5,279.22,1396.1,2026-04-15 10:46:09.765877
ORD-00164,CUST-6118,fashion,2,333.64,667.28,2026-05-03 10:46:09.765883
ORD-00165,CUST-4741,fashion,2,35.42,70.84,2026-05-09 10:46:09.765889
ORD-00166,CUST-2440,electronics,1,411.15,411.15,2026-05-04 10:46:09.765895
ORD-00167,CUST-4125,books,2,265.21,530.42,2026-04-17 10:46:09.765901
ORD-00168,CUST-1057,electronics,2,413.21,826.42,2026-05-08 10:46:09.765907
ORD-00169,CUST-9065,fashion,5,409.51,2047.55,2026-04-13 10:46:09.765913
ORD-00170,CUST-4949,home,5,316.6,1583.0,2026-05-03 10:46:09.765919
ORD-00171,CUST-3678,electronics,1,419.16,419.16,2026-04-16 10:46:09.765926
ORD-00172,CUST-9354,books,4,21.39,85.56,2026-05-04 10:46:09.765932
ORD-00173,CUST-7098,books,2,28.78,57.56,2026-05-04 10:46:09.765940
ORD-00174,CUST-7258,fashion,2,16.06,32.12,2026-04-16 10:46:09.765949
ORD-00175,CUST-9142,books,4,186.03,744.12,2026-04-22 10:46:09.765956
ORD-00176,CUST-8528,sports,2,372.94,745.88,2026-04-17 10:46:09.765962
ORD-00177,CUST-9801,sports,1,419.06,419.06,2026-04-22 10:46:09.765968
ORD-00178,CUST-3143,home,3,309.89,929.67,2026-04-18 10:46:09.765974
ORD-00179,CUST-7885,books,5,476.54,2382.7,2026-04-22 10:46:09.765980
ORD-00180,CUST-1612,sports,2,386.59,773.18,2026-04-12 10:46:09.765985
ORD-00181,CUST-9993,books,1,343.7,343.7,2026-05-12 10:46:09.765991
ORD-00182,CUST-3757,fashion,3,297.71,893.13,2026-04-21 10:46:09.765997
ORD-00183,CUST-3489,books,3,205.13,615.39,2026-04-19 10:46:09.766003
ORD-00184,CUST-3475,fashion,1,230.93,230.93,2026-05-06 10:46:09.766009
ORD-00185,CUST-5649,electronics,5,399.64,1998.2,2026-04-25 10:46:09.766014
ORD-00186,CUST-6283,electronics,4,491.4,1965.6,2026-04-15 10:46:09.766021
ORD-00187,CUST-5253,home,4,381.36,1525.44,2026-04-17 10:46:09.766026
ORD-00188,CUST-5208,sports,4,307.39,1229.56,2026-04-26 10:46:09.766032
ORD-00189,CUST-2290,electronics,1,448.41,448.41,2026-05-12 10:46:09.766038
ORD-00190,CUST-6039,fashion,2,339.5,679.0,2026-04-22 10:46:09.766044
ORD-00191,CUST-8421,fashion,2,390.87,781.74,2026-04-24 10:46:09.766050
ORD-00192,CUST-9690,books,4,287.08,1148.32,2026-05-02 10:46:09.766055
ORD-00193,CUST-7922,sports,1,67.18,67.18,2026-05-03 10:46:09.766061
ORD-00194,CUST-8949,books,2,160.22,320.44,2026-04-23 10:46:09.766067
ORD-00195,CUST-6441,fashion,3,101.12,303.36,2026-05-06 10:46:09.766073
ORD-00196,CUST-1043,fashion,4,310.92,1243.68,2026-04-29 10:46:09.766079
ORD-00197,CUST-9441,books,4,382.0,1528.0,2026-04-29 10:46:09.766085
ORD-00198,CUST-4524,sports,3,481.48,1444.44,2026-04-23 10:46:09.766090
ORD-00199,CUST-2288,fashion,4,126.41,505.64,2026-05-05 10:46:09.766097
ORD-00200,CUST-9063,books,3,434.21,1302.63,2026-05-02 10:46:09.766103
ORD-00201,CUST-7830,home,2,279.66,559.32,2026-04-18 10:46:09.766111
ORD-00202,CUST-8643,sports,4,113.12,452.48,2026-04-13 10:46:09.766122
ORD-00203,CUST-4603,sports,5,259.53,1297.65,2026-04-12 10:46:09.766128
ORD-00204,CUST-2932,sports,2,32.92,65.84,2026-04-17 10:46:09.766134
ORD-00205,CUST-7360,books,4,254.22,1016.88,2026-04-18 10:46:09.766140
ORD-00206,CUST-4053,books,5,430.0,2150.0,2026-05-03 10:46:09.766146
ORD-00207,CUST-9346,sports,4,143.54,574.16,2026-04-28 10:46:09.766152
ORD-00208,CUST-7890,books,5,360.53,1802.65,2026-05-05 10:46:09.766157
ORD-00209,CUST-6841,fashion,1,419.59,419.59,2026-04-15 10:46:09.766163
ORD-00210,CUST-7143,sports,1,379.41,379.41,2026-05-02 10:46:09.766169
ORD-00211,CUST-2999,home,5,60.86,304.3,2026-05-05 10:46:09.766175
ORD-00212,CUST-8792,sports,2,42.45,84.9,2026-04-24 10:46:09.766181
ORD-00213,CUST-4833,home,4,205.29,821.16,2026-04-25 10:46:09.766187
ORD-00214,CUST-4308,books,4,206.11,824.44,2026-05-12 10:46:09.766193
ORD-00215,CUST-5344,home,2,467.57,935.14,2026-05-01 10:46:09.766199
ORD-00216,CUST-4205,fashion,2,322.7,645.4,2026-04-23 10:46:09.766205
ORD-00217,CUST-2691,home,4,244.88,979.52,2026-05-02 10:46:09.766211
ORD-00218,CUST-3828,fashion,2,461.47,922.94,2026-04-27 10:46:09.766217
ORD-00219,CUST-5447,sports,4,51.19,204.76,2026-04-28 10:46:09.766223
ORD-00220,CUST-9054,sports,3,439.91,1319.73,2026-05-06 10:46:09.766228
ORD-00221,CUST-3366,books,3,116.89,350.67,2026-04-26 10:46:09.766234
ORD-00222,CUST-1617,sports,1,336.75,336.75,2026-04-27 10:46:09.766240
ORD-00223,CUST-6718,sports,4,253.37,1013.48,2026-04-26 10:46:09.766246
ORD-00224,CUST-1028,home,1,333.64,333.64,2026-04-13 10:46:09.766252
ORD-00225,CUST-1007,sports,1,244.92,244.92,2026-05-11 10:46:09.766258
ORD-00226,CUST-2254,books,2,55.92,111.84,2026-04-22 10:46:09.766264
ORD-00227,CUST-2869,home,1,45.37,45.37,2026-05-07 10:46:09.766270
ORD-00228,CUST-1386,sports,2,441.82,883.64,2026-04-15 10:46:09.766276
ORD-00229,CUST-2480,fashion,5,253.92,1269.6,2026-05-03 10:46:09.766282
ORD-00230,CUST-5597,electronics,5,454.53,2272.65,2026-04-24 10:46:09.766288
ORD-00231,CUST-6807,books,4,417.71,1670.84,2026-04-27 10:46:09.766295
ORD-00232,CUST-1646,fashion,3,383.11,1149.33,2026-05-07 10:46:09.766301
ORD-00233,CUST-3259,books,5,476.69,2383.45,2026-05-02 10:46:09.766307
ORD-00234,CUST-9369,fashion,1,419.15,419.15,2026-04-13 10:46:09.766313
ORD-00235,CUST-1550,electronics,5,406.1,2030.5,2026-04-25 10:46:09.766319
ORD-00236,CUST-3263,fashion,2,165.7,331.4,2026-04-22 10:46:09.766325
ORD-00237,CUST-3884,fashion,4,441.45,1765.8,2026-04-16 10:46:09.766331
ORD-00238,CUST-5069,books,2,88.29,176.58,2026-05-12 10:46:09.766337
ORD-00239,CUST-6368,home,1,319.82,319.82,2026-05-12 10:46:09.766342
ORD-00240,CUST-7432,electronics,3,233.33,699.99,2026-04-14 10:46:09.766348
ORD-00241,CUST-5661,fashion,1,342.04,342.04,2026-04-30 10:46:09.766354
ORD-00242,CUST-1978,sports,4,457.53,1830.12,2026-04-26 10:46:09.766360
ORD-00243,CUST-3220,books,2,373.99,747.98,2026-04-24 10:46:09.766366
ORD-00244,CUST-8485,fashion,3,86.09,258.27,2026-04-19 10:46:09.766372
ORD-00245,CUST-3984,electronics,2,107.06,214.12,2026-04-29 10:46:09.766378
ORD-00246,CUST-7722,books,3,412.12,1236.36,2026-04-30 10:46:09.766384
ORD-00247,CUST-9209,fashion,5,18.45,92.25,2026-05-09 10:46:09.766390
ORD-00248,CUST-1603,home,2,290.21,580.42,2026-05-08 10:46:09.766396
ORD-00249,CUST-8841,sports,5,482.95,2414.75,2026-05-11 10:46:09.766402
ORD-00250,CUST-6725,electronics,4,271.18,1084.72,2026-05-08 10:46:09.766407
ORD-00251,CUST-9981,books,5,278.09,1390.45,2026-04-13 10:46:09.766413
ORD-00252,CUST-1422,books,1,125.31,125.31,2026-05-06 10:46:09.766419
ORD-00253,CUST-5608,electronics,2,434.11,868.22,2026-05-02 10:46:09.766425
ORD-00254,CUST-3652,books,3,272.96,818.88,2026-04-22 10:46:09.766431
ORD-00255,CUST-3415,home,4,203.1,812.4,2026-04-29 10:46:09.766439
ORD-00256,CUST-1356,books,4,404.0,1616.0,2026-04-17 10:46:09.766445
ORD-00257,CUST-1927,electronics,1,422.9,422.9,2026-05-04 10:46:09.766452
ORD-00258,CUST-1585,home,3,124.4,373.2,2026-04-13 10:46:09.766458
ORD-00259,CUST-5438,electronics,4,25.1,100.4,2026-04-13 10:46:09.766464
ORD-00260,CUST-2317,books,5,33.15,165.75,2026-04-27 10:46:09.766470
ORD-00261,CUST-1734,books,2,210.98,421.96,2026-05-08 10:46:09.766476
ORD-00262,CUST-9403,sports,3,50.61,151.83,2026-05-03 10:46:09.766482
ORD-00263,CUST-6362,electronics,5,282.17,1410.85,2026-04-21 10:46:09.766487
ORD-00264,CUST-6696,books,4,59.63,238.52,2026-04-28 10:46:09.766493
ORD-00265,CUST-2700,electronics,2,147.0,294.0,2026-04-28 10:46:09.766499
ORD-00266,CUST-7262,electronics,4,393.13,1572.52,2026-05-03 10:46:09.766505
ORD-00267,CUST-5710,fashion,2,153.98,307.96,2026-05-08 10:46:09.766511
ORD-00268,CUST-6920,home,1,421.38,421.38,2026-04-22 10:46:09.766517
ORD-00269,CUST-9388,sports,3,262.2,786.6,2026-05-10 10:46:09.766523
ORD-00270,CUST-4924,home,2,193.68,387.36,2026-05-12 10:46:09.766529
ORD-00271,CUST-6054,home,1,498.37,498.37,2026-04-16 10:46:09.766535
ORD-00272,CUST-2973,home,5,195.1,975.5,2026-04-20 10:46:09.766541
ORD-00273,CUST-5833,electronics,5,259.19,1295.95,2026-04-27 10:46:09.766548
ORD-00274,CUST-6534,electronics,3,119.9,359.7,2026-05-08 10:46:09.766553
ORD-00275,CUST-3925,fashion,1,189.39,189.39,2026-04-25 10:46:09.766559
ORD-00276,CUST-8263,electronics,3,147.94,443.82,2026-04-13 10:46:09.766565
ORD-00277,CUST-4840,electronics,3,170.31,510.93,2026-05-01 10:46:09.766571
ORD-00278,CUST-1424,fashion,3,141.45,424.35,2026-04-30 10:46:09.766577
ORD-00279,CUST-4289,sports,3,288.03,864.09,2026-04-24 10:46:09.766584
ORD-00280,CUST-4094,fashion,1,42.16,42.16,2026-04-21 10:46:09.766590
ORD-00281,CUST-1216,home,2,359.66,719.32,2026-05-11 10:46:09.766596
ORD-00282,CUST-2987,books,3,53.1,159.3,2026-04-27 10:46:09.766602
ORD-00283,CUST-7976,electronics,1,458.48,458.48,2026-05-10 10:46:09.766608
ORD-00284,CUST-1976,books,2,176.77,353.54,2026-05-10 10:46:09.766614
ORD-00285,CUST-4635,sports,3,107.31,321.93,2026-05-03 10:46:09.766620
ORD-00286,CUST-7410,books,4,164.18,656.72,2026-05-12 10:46:09.766628
ORD-00287,CUST-4881,fashion,3,347.21,1041.63,2026-04-19 10:46:09.766634
ORD-00288,CUST-7987,books,5,253.92,1269.6,2026-04-26 10:46:09.766640
ORD-00289,CUST-5225,fashion,3,33.58,100.74,2026-05-02 10:46:09.766646
ORD-00290,CUST-5079,home,1,63.42,63.42,2026-05-04 10:46:09.766652
ORD-00291,CUST-1222,sports,1,96.61,96.61,2026-05-01 10:46:09.766657
ORD-00292,CUST-8721,home,2,168.6,337.2,2026-04-20 10:46:09.766663
ORD-00293,CUST-3881,sports,1,152.92,152.92,2026-05-06 10:46:09.766669
ORD-00294,CUST-3104,fashion,3,175.66,526.98,2026-05-04 10:46:09.766675
ORD-00295,CUST-2636,books,4,334.36,1337.44,2026-04-26 10:46:09.766681
ORD-00296,CUST-4828,fashion,3,442.64,1327.92,2026-04-27 10:46:09.766687
ORD-00297,CUST-5180,sports,2,148.33,296.66,2026-05-09 10:46:09.766693
ORD-00298,CUST-6033,fashion,1,45.81,45.81,2026-04-16 10:46:09.766699
ORD-00299,CUST-6126,electronics,1,13.52,13.52,2026-05-09 10:46:09.766705
ORD-00300,CUST-7270,home,5,395.2,1976.0,2026-05-12 10:46:09.766711
ORD-00301,CUST-2226,fashion,5,53.27,266.35,2026-04-20 10:46:09.766717
ORD-00302,CUST-7293,sports,4,308.73,1234.92,2026-05-10 10:46:09.766723
ORD-00303,CUST-5567,books,3,252.74,758.22,2026-04-24 10:46:09.766729
ORD-00304,CUST-4717,electronics,2,328.52,657.04,2026-04-26 10:46:09.766735
ORD-00305,CUST-5352,electronics,5,147.04,735.2,2026-04-14 10:46:09.766740
ORD-00306,CUST-3104,home,4,470.84,1883.36,2026-04-16 10:46:09.766746
ORD-00307,CUST-6442,sports,1,35.48,35.48,2026-04-25 10:46:09.766752
ORD-00308,CUST-6902,home,1,438.68,438.68,2026-04-18 10:46:09.766760
ORD-00309,CUST-5915,sports,1,202.37,202.37,2026-04-28 10:46:09.766766
ORD-00310,CUST-8298,fashion,4,57.28,229.12,2026-05-10 10:46:09.766773
ORD-00311,CUST-3857,fashion,5,375.41,1877.05,2026-04-25 10:46:09.766779
ORD-00312,CUST-2520,home,2,16.0,32.0,2026-04-17 10:46:09.766785
ORD-00313,CUST-8714,electronics,3,336.12,1008.36,2026-05-07 10:46:09.766791
ORD-00314,CUST-5617,sports,4,118.24,472.96,2026-05-03 10:46:09.766797
ORD-00315,CUST-1485,books,4,137.76,551.04,2026-04-27 10:46:09.766804
ORD-00316,CUST-7649,sports,5,169.58,847.9,2026-04-19 10:46:09.766810
ORD-00317,CUST-7841,sports,1,241.24,241.24,2026-04-15 10:46:09.766816
ORD-00318,CUST-5463,home,2,458.36,916.72,2026-05-06 10:46:09.766822
ORD-00319,CUST-5784,fashion,5,140.47,702.35,2026-04-27 10:46:09.766827
ORD-00320,CUST-1457,home,1,259.45,259.45,2026-04-20 10:46:09.766833
ORD-00321,CUST-1547,fashion,3,26.33,78.99,2026-04-19 10:46:09.766839
ORD-00322,CUST-9932,books,1,160.2,160.2,2026-04-16 10:46:09.766845
ORD-00323,CUST-6115,books,4,306.23,1224.92,2026-04-14 10:46:09.766851
ORD-00324,CUST-6048,home,3,192.17,576.51,2026-04-12 10:46:09.766857
ORD-00325,CUST-3098,books,2,143.36,286.72,2026-05-06 10:46:09.766862
ORD-00326,CUST-5361,fashion,4,158.36,633.44,2026-05-10 10:46:09.766869
ORD-00327,CUST-7145,fashion,1,80.61,80.61,2026-04-16 10:46:09.766874
ORD-00328,CUST-9834,electronics,5,135.97,679.85,2026-05-05 10:46:09.766880
ORD-00329,CUST-1312,fashion,3,444.9,1334.7,2026-04-30 10:46:09.766886
ORD-00330,CUST-1499,fashion,2,199.18,398.36,2026-04-29 10:46:09.766892
ORD-00331,CUST-8113,home,4,318.58,1274.32,2026-05-05 10:46:09.766898
ORD-00332,CUST-6932,home,4,418.12,1672.48,2026-04-12 10:46:09.766904
ORD-00333,CUST-8487,home,1,194.79,194.79,2026-04-20 10:46:09.766910
ORD-00334,CUST-9524,fashion,5,156.0,780.0,2026-04-19 10:46:09.766915
ORD-00335,CUST-9174,books,3,125.83,377.49,2026-04-18 10:46:09.766921
ORD-00336,CUST-4326,books,2,383.59,767.18,2026-05-07 10:46:09.766927
ORD-00337,CUST-4619,books,4,189.16,756.64,2026-04-16 10:46:09.766933
ORD-00338,CUST-4943,electronics,4,251.48,1005.92,2026-04-28 10:46:09.766939
ORD-00339,CUST-4775,electronics,5,288.18,1440.9,2026-04-30 10:46:09.766945
ORD-00340,CUST-8049,home,3,264.21,792.63,2026-04-28 10:46:09.766951
ORD-00341,CUST-4481,books,3,351.64,1054.92,2026-04-28 10:46:09.766957
ORD-00342,CUST-3752,home,1,481.35,481.35,2026-04-30 10:46:09.766965
ORD-00343,CUST-5844,fashion,3,65.73,197.19,2026-04-28 10:46:09.766971
ORD-00344,CUST-5539,books,3,391.79,1175.37,2026-04-12 10:46:09.766977
ORD-00345,CUST-4499,sports,5,320.26,1601.3,2026-05-04 10:46:09.766983
ORD-00346,CUST-2166,home,5,169.22,846.1,2026-04-12 10:46:09.766988
ORD-00347,CUST-7082,home,3,454.48,1363.44,2026-05-07 10:46:09.766994
ORD-00348,CUST-5108,home,1,402.82,402.82,2026-04-21 10:46:09.767000
ORD-00349,CUST-6633,sports,3,309.63,928.89,2026-05-05 10:46:09.767006
ORD-00350,CUST-2835,fashion,4,493.71,1974.84,2026-04-27 10:46:09.767012
ORD-00351,CUST-8997,electronics,1,47.94,47.94,2026-05-04 10:46:09.767018
ORD-00352,CUST-9806,electronics,1,99.91,99.91,2026-04-17 10:46:09.767024
ORD-00353,CUST-3976,books,5,333.23,1666.15,2026-04-13 10:46:09.767029
ORD-00354,CUST-6138,home,1,209.7,209.7,2026-04-28 10:46:09.767036
ORD-00355,CUST-6924,home,2,142.0,284.0,2026-05-07 10:46:09.767042
ORD-00356,CUST-5178,home,4,186.47,745.88,2026-05-01 10:46:09.767048
ORD-00357,CUST-1420,home,4,149.91,599.64,2026-04-24 10:46:09.767054
ORD-00358,CUST-8125,books,4,453.64,1814.56,2026-04-23 10:46:09.767060
ORD-00359,CUST-2033,books,2,469.46,938.92,2026-05-10 10:46:09.767066
ORD-00360,CUST-9161,fashion,2,206.61,413.22,2026-04-25 10:46:09.767071
ORD-00361,CUST-3279,sports,1,167.17,167.17,2026-04-15 10:46:09.767079
ORD-00362,CUST-1358,electronics,5,79.13,395.65,2026-05-01 10:46:09.767085
ORD-00363,CUST-1770,fashion,2,87.16,174.32,2026-05-10 10:46:09.767091
ORD-00364,CUST-3229,fashion,3,331.57,994.71,2026-04-24 10:46:09.767096
ORD-00365,CUST-5946,sports,2,414.0,828.0,2026-04-20 10:46:09.767103
ORD-00366,CUST-9921,sports,1,218.3,218.3,2026-04-26 10:46:09.767108
ORD-00367,CUST-6832,sports,1,198.77,198.77,2026-05-05 10:46:09.767114
ORD-00368,CUST-3749,sports,3,451.17,1353.51,2026-05-12 10:46:09.767120
ORD-00369,CUST-4261,electronics,2,345.05,690.1,2026-04-22 10:46:09.767126
ORD-00370,CUST-2355,sports,4,241.58,966.32,2026-04-16 10:46:09.767132
ORD-00371,CUST-6308,books,5,325.27,1626.35,2026-05-06 10:46:09.767140
ORD-00372,CUST-3271,books,4,477.11,1908.44,2026-04-22 10:46:09.767146
ORD-00373,CUST-9830,books,5,465.54,2327.7,2026-05-07 10:46:09.767152
ORD-00374,CUST-3881,electronics,5,241.09,1205.45,2026-04-19 10:46:09.767158
ORD-00375,CUST-9392,electronics,2,279.49,558.98,2026-05-10 10:46:09.767164
ORD-00376,CUST-4995,electronics,5,139.69,698.45,2026-05-11 10:46:09.767170
ORD-00377,CUST-9929,sports,4,72.62,290.48,2026-05-01 10:46:09.767176
ORD-00378,CUST-2440,electronics,5,199.97,999.85,2026-05-05 10:46:09.767182
ORD-00379,CUST-9661,electronics,3,117.81,353.43,2026-05-12 10:46:09.767187
ORD-00380,CUST-9273,fashion,2,127.99,255.98,2026-04-21 10:46:09.767193
ORD-00381,CUST-4129,electronics,2,298.59,597.18,2026-04-24 10:46:09.767199
ORD-00382,CUST-9435,fashion,5,436.58,2182.9,2026-05-10 10:46:09.767205
ORD-00383,CUST-6798,home,3,492.52,1477.56,2026-05-08 10:46:09.767210
ORD-00384,CUST-4299,books,1,98.69,98.69,2026-04-22 10:46:09.767216
ORD-00385,CUST-7754,sports,3,45.74,137.22,2026-05-04 10:46:09.767222
ORD-00386,CUST-6417,books,2,208.13,416.26,2026-05-02 10:46:09.767228
ORD-00387,CUST-5094,fashion,3,464.42,1393.26,2026-04-29 10:46:09.767234
ORD-00388,CUST-6878,books,5,337.25,1686.25,2026-05-06 10:46:09.767241
ORD-00389,CUST-3861,home,1,18.46,18.46,2026-05-02 10:46:09.767246
ORD-00390,CUST-7414,books,2,230.84,461.68,2026-05-01 10:46:09.767252
ORD-00391,CUST-1063,fashion,2,229.21,458.42,2026-05-11 10:46:09.767258
ORD-00392,CUST-6815,sports,1,23.65,23.65,2026-04-30 10:46:09.767264
ORD-00393,CUST-6892,electronics,2,455.14,910.28,2026-05-08 10:46:09.767270
ORD-00394,CUST-8086,sports,3,396.42,1189.26,2026-04-15 10:46:09.767275
ORD-00395,CUST-5975,sports,2,55.09,110.18,2026-04-14 10:46:09.767281
ORD-00396,CUST-3774,fashion,4,258.75,1035.0,2026-04-14 10:46:09.767287
ORD-00397,CUST-2988,electronics,4,234.18,936.72,2026-05-04 10:46:09.767293
ORD-00398,CUST-8279,sports,2,190.93,381.86,2026-04-30 10:46:09.767299
ORD-00399,CUST-9332,electronics,5,472.09,2360.45,2026-04-27 10:46:09.767305
ORD-00400,CUST-6821,books,4,38.39,153.56,2026-04-13 10:46:09.767311
ORD-00401,CUST-6682,home,3,498.53,1495.59,2026-04-20 10:46:09.767317
ORD-00402,CUST-2162,home,4,362.44,1449.76,2026-04-28 10:46:09.767323
ORD-00403,CUST-7860,sports,3,117.13,351.39,2026-04-22 10:46:09.767329
ORD-00404,CUST-1349,books,1,145.13,145.13,2026-04-26 10:46:09.767335
ORD-00405,CUST-7305,books,3,313.29,939.87,2026-04-14 10:46:09.767341
ORD-00406,CUST-5140,home,1,487.56,487.56,2026-04-24 10:46:09.767347
ORD-00407,CUST-6641,sports,2,176.34,352.68,2026-04-28 10:46:09.767353
ORD-00408,CUST-3621,books,1,379.8,379.8,2026-04-26 10:46:09.767359
ORD-00409,CUST-3390,electronics,2,72.78,145.56,2026-04-19 10:46:09.767365
ORD-00410,CUST-6342,electronics,1,83.63,83.63,2026-04-25 10:46:09.767371
ORD-00411,CUST-2879,books,4,129.16,516.64,2026-05-09 10:46:09.767377
ORD-00412,CUST-6498,fashion,2,103.05,206.1,2026-05-02 10:46:09.767383
ORD-00413,CUST-2806,books,2,28.66,57.32,2026-04-13 10:46:09.767389
ORD-00414,CUST-7220,home,4,258.9,1035.6,2026-05-10 10:46:09.767397
ORD-00415,CUST-6284,books,5,377.01,1885.05,2026-05-11 10:46:09.767403
ORD-00416,CUST-2710,electronics,2,182.0,364.0,2026-04-30 10:46:09.767409
ORD-00417,CUST-2135,sports,2,497.3,994.6,2026-04-22 10:46:09.767415
ORD-00418,CUST-8303,electronics,3,327.96,983.88,2026-04-20 10:46:09.767421
ORD-00419,CUST-8500,fashion,4,253.67,1014.68,2026-04-20 10:46:09.767427
ORD-00420,CUST-1052,books,2,303.18,606.36,2026-05-08 10:46:09.767433
ORD-00421,CUST-7864,sports,5,209.87,1049.35,2026-04-18 10:46:09.767439
ORD-00422,CUST-6934,home,2,372.94,745.88,2026-04-26 10:46:09.767445
ORD-00423,CUST-2445,fashion,2,310.13,620.26,2026-04-30 10:46:09.767450
ORD-00424,CUST-5689,books,1,353.46,353.46,2026-05-04 10:46:09.767456
ORD-00425,CUST-5944,electronics,5,121.88,609.4,2026-04-27 10:46:09.767462
ORD-00426,CUST-2076,sports,5,138.85,694.25,2026-05-01 10:46:09.767468
ORD-00427,CUST-3537,fashion,3,407.39,1222.17,2026-05-01 10:46:09.767474
ORD-00428,CUST-1548,fashion,4,150.68,602.72,2026-04-16 10:46:09.767482
ORD-00429,CUST-1859,sports,3,226.38,679.14,2026-05-04 10:46:09.767489
ORD-00430,CUST-9182,sports,3,382.07,1146.21,2026-04-17 10:46:09.767495
ORD-00431,CUST-5588,books,3,230.17,690.51,2026-04-14 10:46:09.767501
ORD-00432,CUST-6112,fashion,1,128.84,128.84,2026-04-29 10:46:09.767507
ORD-00433,CUST-3246,electronics,3,486.75,1460.25,2026-04-13 10:46:09.767513
ORD-00434,CUST-8588,sports,3,47.35,142.05,2026-05-04 10:46:09.767519
ORD-00435,CUST-6266,electronics,5,488.68,2443.4,2026-04-15 10:46:09.767525
ORD-00436,CUST-9124,electronics,2,51.92,103.84,2026-04-23 10:46:09.767531
ORD-00437,CUST-4162,sports,3,492.06,1476.18,2026-05-05 10:46:09.767537
ORD-00438,CUST-3171,books,2,455.08,910.16,2026-04-22 10:46:09.767543
ORD-00439,CUST-1791,electronics,4,472.31,1889.24,2026-04-26 10:46:09.767548
ORD-00440,CUST-7966,fashion,5,367.01,1835.05,2026-04-16 10:46:09.767555
ORD-00441,CUST-3815,fashion,1,98.94,98.94,2026-04-25 10:46:09.767561
ORD-00442,CUST-3188,sports,1,284.93,284.93,2026-05-04 10:46:09.767567
ORD-00443,CUST-2752,home,1,322.91,322.91,2026-04-18 10:46:09.767573
ORD-00444,CUST-6248,books,3,311.29,933.87,2026-04-19 10:46:09.767578
ORD-00445,CUST-6448,books,4,69.96,279.84,2026-04-27 10:46:09.767584
ORD-00446,CUST-8742,fashion,1,356.77,356.77,2026-04-24 10:46:09.767590
ORD-00447,CUST-7724,sports,2,309.08,618.16,2026-04-16 10:46:09.767596
ORD-00448,CUST-4717,sports,5,176.85,884.25,2026-04-21 10:46:09.767602
ORD-00449,CUST-8519,electronics,5,54.24,271.2,2026-04-21 10:46:09.767607
ORD-00450,CUST-4479,home,2,484.44,968.88,2026-04-25 10:46:09.767613
ORD-00451,CUST-4495,electronics,2,225.9,451.8,2026-04-23 10:46:09.767619
ORD-00452,CUST-3586,electronics,4,90.76,363.04,2026-04-18 10:46:09.767625
ORD-00453,CUST-2882,electronics,1,383.32,383.32,2026-05-10 10:46:09.767632
ORD-00454,CUST-4948,sports,2,81.61,163.22,2026-04-27 10:46:09.767637
ORD-00455,CUST-2184,electronics,2,176.9,353.8,2026-04-28 10:46:09.767643
ORD-00456,CUST-5083,sports,4,105.7,422.8,2026-05-11 10:46:09.767651
ORD-00457,CUST-7723,electronics,5,79.25,396.25,2026-05-05 10:46:09.767657
ORD-00458,CUST-5719,sports,5,428.0,2140.0,2026-04-21 10:46:09.767663
ORD-00459,CUST-1995,books,3,78.69,236.07,2026-04-12 10:46:09.767669
ORD-00460,CUST-5789,electronics,1,110.66,110.66,2026-05-07 10:46:09.767675
ORD-00461,CUST-1753,electronics,5,163.58,817.9,2026-04-22 10:46:09.767681
ORD-00462,CUST-4524,fashion,5,383.81,1919.05,2026-05-07 10:46:09.767687
ORD-00463,CUST-1865,sports,4,75.59,302.36,2026-05-03 10:46:09.767693
ORD-00464,CUST-5088,home,1,289.31,289.31,2026-04-26 10:46:09.767698
ORD-00465,CUST-4340,fashion,4,335.05,1340.2,2026-04-27 10:46:09.767704
ORD-00466,CUST-2640,home,2,221.01,442.02,2026-04-29 10:46:09.767710
ORD-00467,CUST-1557,electronics,3,486.68,1460.04,2026-05-12 10:46:09.767719
ORD-00468,CUST-2247,fashion,4,108.65,434.6,2026-04-27 10:46:09.767725
ORD-00469,CUST-4922,books,1,455.83,455.83,2026-05-01 10:46:09.767731
ORD-00470,CUST-3697,books,3,43.83,131.49,2026-04-27 10:46:09.767737
ORD-00471,CUST-7840,home,5,402.65,2013.25,2026-04-21 10:46:09.767742
ORD-00472,CUST-4604,home,1,399.75,399.75,2026-04-20 10:46:09.767748
ORD-00473,CUST-5959,electronics,1,83.47,83.47,2026-04-14 10:46:09.767755
ORD-00474,CUST-4120,fashion,3,300.11,900.33,2026-04-29 10:46:09.767761
ORD-00475,CUST-2570,books,3,335.61,1006.83,2026-05-03 10:46:09.767767
ORD-00476,CUST-4526,fashion,2,414.64,829.28,2026-04-24 10:46:09.767773
ORD-00477,CUST-2859,home,4,331.74,1326.96,2026-04-18 10:46:09.767779
ORD-00478,CUST-7142,sports,3,488.13,1464.39,2026-04-29 10:46:09.767785
ORD-00479,CUST-4819,sports,2,132.76,265.52,2026-05-08 10:46:09.767791
ORD-00480,CUST-3778,fashion,4,408.42,1633.68,2026-04-26 10:46:09.767797
ORD-00481,CUST-7918,books,2,194.05,388.1,2026-04-18 10:46:09.767803
ORD-00482,CUST-8864,fashion,4,492.52,1970.08,2026-04-18 10:46:09.767809
ORD-00483,CUST-8415,home,5,292.97,1464.85,2026-04-23 10:46:09.767815
ORD-00484,CUST-8884,electronics,2,33.46,66.92,2026-05-12 10:46:09.767821
ORD-00485,CUST-5617,home,2,284.76,569.52,2026-04-26 10:46:09.767826
ORD-00486,CUST-1673,books,2,313.3,626.6,2026-04-15 10:46:09.767832
ORD-00487,CUST-9061,electronics,1,41.95,41.95,2026-04-23 10:46:09.767838
ORD-00488,CUST-2007,sports,5,487.66,2438.3,2026-05-04 10:46:09.767844
ORD-00489,CUST-5082,electronics,5,346.9,1734.5,2026-04-20 10:46:09.767850
ORD-00490,CUST-6448,fashion,5,82.81,414.05,2026-04-20 10:46:09.767856
ORD-00491,CUST-3466,books,1,245.2,245.2,2026-05-01 10:46:09.767862
ORD-00492,CUST-6330,home,4,193.4,773.6,2026-05-08 10:46:09.767868
ORD-00493,CUST-7346,electronics,2,273.83,547.66,2026-04-28 10:46:09.767874
ORD-00494,CUST-4219,sports,5,136.54,682.7,2026-04-20 10:46:09.767879
ORD-00495,CUST-1405,home,2,463.71,927.42,2026-04-22 10:46:09.767886
ORD-00496,CUST-1504,electronics,1,49.16,49.16,2026-04-27 10:46:09.767892
ORD-00497,CUST-7099,home,4,303.33,1213.32,2026-05-02 10:46:09.767897
ORD-00498,CUST-8237,electronics,2,62.91,125.82,2026-04-21 10:46:09.767904
ORD-00499,CUST-5519,books,1,125.29,125.29,2026-04-13 10:46:09.767910
ORD-00500,CUST-6215,books,5,29.44,147.2,2026-04-16 10:46:09.767916
ORD-00501,CUST-6293,books,3,163.93,491.79,2026-04-19 10:46:09.767922
ORD-00502,CUST-3183,fashion,4,67.39,269.56,2026-04-27 10:46:09.767927
ORD-00503,CUST-6292,sports,4,389.4,1557.6,2026-04-18 10:46:09.767933
ORD-00504,CUST-7453,electronics,3,401.64,1204.92,2026-04-30 10:46:09.767939
ORD-00505,CUST-7680,fashion,3,417.78,1253.34,2026-05-01 10:46:09.767945
ORD-00506,CUST-6112,sports,3,40.0,120.0,2026-04-16 10:46:09.767951
ORD-00507,CUST-9785,electronics,1,339.88,339.88,2026-04-12 10:46:09.767957
ORD-00508,CUST-2534,sports,1,53.2,53.2,2026-04-29 10:46:09.767963
ORD-00509,CUST-9720,sports,1,84.01,84.01,2026-04-25 10:46:09.767969
ORD-00510,CUST-2138,books,1,247.45,247.45,2026-05-04 10:46:09.767975
ORD-00511,CUST-3186,home,3,320.29,960.87,2026-04-24 10:46:09.767981
ORD-00512,CUST-2188,fashion,5,484.17,2420.85,2026-04-13 10:46:09.767987
ORD-00513,CUST-3454,sports,5,484.66,2423.3,2026-05-08 10:46:09.767995
ORD-00514,CUST-5181,books,4,200.21,800.84,2026-04-17 10:46:09.768001
ORD-00515,CUST-4844,electronics,5,297.16,1485.8,2026-04-12 10:46:09.768007
ORD-00516,CUST-6356,electronics,3,237.9,713.7,2026-04-14 10:46:09.768012
ORD-00517,CUST-2635,electronics,5,355.19,1775.95,2026-05-12 10:46:09.768018
ORD-00518,CUST-3606,sports,4,210.72,842.88,2026-04-29 10:46:09.768024
ORD-00519,CUST-3617,home,4,450.84,1803.36,2026-05-12 10:46:09.768030
ORD-00520,CUST-5559,fashion,4,336.94,1347.76,2026-04-29 10:46:09.768039
ORD-00521,CUST-7144,fashion,1,353.8,353.8,2026-04-30 10:46:09.768045
ORD-00522,CUST-8097,home,1,152.85,152.85,2026-05-05 10:46:09.768051
ORD-00523,CUST-1256,fashion,2,118.4,236.8,2026-04-27 10:46:09.768057
ORD-00524,CUST-5979,electronics,5,400.56,2002.8,2026-05-11 10:46:09.768063
ORD-00525,CUST-6387,fashion,1,203.99,203.99,2026-05-01 10:46:09.768069
ORD-00526,CUST-1794,books,1,206.63,206.63,2026-05-09 10:46:09.768075
ORD-00527,CUST-5592,electronics,2,107.04,214.08,2026-05-05 10:46:09.768081
ORD-00528,CUST-9375,books,2,282.5,565.0,2026-05-10 10:46:09.768086
ORD-00529,CUST-1890,electronics,5,376.39,1881.95,2026-04-14 10:46:09.768092
ORD-00530,CUST-5065,fashion,3,372.64,1117.92,2026-05-12 10:46:09.768098
ORD-00531,CUST-1970,home,4,30.11,120.44,2026-04-12 10:46:09.768104
ORD-00532,CUST-5754,sports,4,275.15,1100.6,2026-04-19 10:46:09.768110
ORD-00533,CUST-4169,fashion,5,226.71,1133.55,2026-04-21 10:46:09.768116
ORD-00534,CUST-8505,fashion,5,175.67,878.35,2026-04-26 10:46:09.768122
ORD-00535,CUST-9022,fashion,1,123.65,123.65,2026-05-07 10:46:09.768128
ORD-00536,CUST-8409,fashion,2,339.98,679.96,2026-04-12 10:46:09.768134
ORD-00537,CUST-1430,fashion,3,296.85,890.55,2026-05-02 10:46:09.768140
ORD-00538,CUST-2110,home,1,13.87,13.87,2026-05-12 10:46:09.768146
ORD-00539,CUST-4516,home,1,13.45,13.45,2026-04-22 10:46:09.768152
ORD-00540,CUST-2115,sports,5,354.0,1770.0,2026-04-21 10:46:09.768158
ORD-00541,CUST-4826,books,5,92.11,460.55,2026-04-27 10:46:09.768167
ORD-00542,CUST-3467,books,4,172.19,688.76,2026-04-26 10:46:09.768174
ORD-00543,CUST-3482,fashion,4,398.33,1593.32,2026-04-19 10:46:09.768180
ORD-00544,CUST-3543,fashion,1,344.02,344.02,2026-05-05 10:46:09.768186
ORD-00545,CUST-3979,sports,5,106.73,533.65,2026-04-21 10:46:09.768191
ORD-00546,CUST-9965,home,2,45.58,91.16,2026-04-21 10:46:09.768197
ORD-00547,CUST-4148,sports,1,404.69,404.69,2026-04-26 10:46:09.768203
ORD-00548,CUST-2522,electronics,2,225.06,450.12,2026-04-13 10:46:09.768209
ORD-00549,CUST-1033,books,1,243.03,243.03,2026-04-12 10:46:09.768215
ORD-00550,CUST-1001,home,2,70.92,141.84,2026-04-25 10:46:09.768221
ORD-00551,CUST-5007,sports,1,68.56,68.56,2026-05-12 10:46:09.768227
ORD-00552,CUST-4959,books,3,238.16,714.48,2026-05-07 10:46:09.768233
ORD-00553,CUST-8854,fashion,1,482.02,482.02,2026-05-11 10:46:09.768239
ORD-00554,CUST-4841,home,4,357.11,1428.44,2026-04-14 10:46:09.768245
ORD-00555,CUST-3279,sports,2,315.07,630.14,2026-04-17 10:46:09.768251
ORD-00556,CUST-2809,home,1,141.38,141.38,2026-05-01 10:46:09.768257
ORD-00557,CUST-2677,books,4,418.9,1675.6,2026-04-30 10:46:09.768263
ORD-00558,CUST-5459,fashion,1,291.35,291.35,2026-05-03 10:46:09.768268
ORD-00559,CUST-8964,fashion,3,391.43,1174.29,2026-04-18 10:46:09.768274
ORD-00560,CUST-4151,books,2,231.84,463.68,2026-04-14 10:46:09.768280
ORD-00561,CUST-4451,electronics,3,113.32,339.96,2026-04-13 10:46:09.768286
ORD-00562,CUST-1599,home,1,209.76,209.76,2026-04-16 10:46:09.768292
ORD-00563,CUST-4206,books,5,16.69,83.45,2026-04-28 10:46:09.768298
ORD-00564,CUST-9847,home,1,105.05,105.05,2026-04-18 10:46:09.768304
ORD-00565,CUST-6385,home,1,403.43,403.43,2026-05-12 10:46:09.768309
ORD-00566,CUST-8570,sports,5,300.38,1501.9,2026-04-16 10:46:09.768316
ORD-00567,CUST-7595,home,2,22.28,44.56,2026-05-10 10:46:09.768322
ORD-00568,CUST-1211,electronics,2,341.69,683.38,2026-04-17 10:46:09.768328
ORD-00569,CUST-7555,electronics,3,223.19,669.57,2026-05-08 10:46:09.768334
ORD-00570,CUST-9031,home,2,21.79,43.58,2026-04-22 10:46:09.768339
ORD-00571,CUST-7240,fashion,2,463.72,927.44,2026-04-25 10:46:09.768345
ORD-00572,CUST-5240,sports,2,455.6,911.2,2026-04-24 10:46:09.768351
ORD-00573,CUST-5124,home,2,428.87,857.74,2026-04-29 10:46:09.768359
ORD-00574,CUST-8919,sports,3,384.72,1154.16,2026-05-05 10:46:09.768365
ORD-00575,CUST-6779,fashion,2,295.9,591.8,2026-05-04 10:46:09.768371
ORD-00576,CUST-2199,books,3,345.59,1036.77,2026-04-14 10:46:09.768376
ORD-00577,CUST-3603,sports,5,143.41,717.05,2026-05-07 10:46:09.768382
ORD-00578,CUST-7592,books,4,248.21,992.84,2026-04-27 10:46:09.768388
ORD-00579,CUST-3926,electronics,1,370.24,370.24,2026-04-29 10:46:09.768394
ORD-00580,CUST-1235,electronics,4,136.86,547.44,2026-04-19 10:46:09.768400
ORD-00581,CUST-5456,electronics,5,16.05,80.25,2026-04-12 10:46:09.768406
ORD-00582,CUST-9234,sports,5,135.92,679.6,2026-04-12 10:46:09.768411
ORD-00583,CUST-3606,fashion,1,202.95,202.95,2026-05-02 10:46:09.768417
ORD-00584,CUST-3144,books,4,291.44,1165.76,2026-04-23 10:46:09.768423
ORD-00585,CUST-8723,home,4,155.35,621.4,2026-05-08 10:46:09.768429
ORD-00586,CUST-6305,books,4,431.81,1727.24,2026-04-15 10:46:09.768435
ORD-00587,CUST-4707,sports,5,179.25,896.25,2026-04-17 10:46:09.768440
ORD-00588,CUST-1234,books,2,132.6,265.2,2026-04-24 10:46:09.768447
ORD-00589,CUST-7338,home,4,405.7,1622.8,2026-05-01 10:46:09.768453
ORD-00590,CUST-8973,electronics,3,489.36,1468.08,2026-04-24 10:46:09.768458
ORD-00591,CUST-9883,fashion,3,278.23,834.69,2026-04-13 10:46:09.768464
ORD-00592,CUST-3398,sports,1,251.03,251.03,2026-04-12 10:46:09.768470
ORD-00593,CUST-5943,home,3,195.92,587.76,2026-05-04 10:46:09.768476
ORD-00594,CUST-2830,books,5,302.06,1510.3,2026-04-16 10:46:09.768482
ORD-00595,CUST-8205,sports,3,342.78,1028.34,2026-05-03 10:46:09.768487
ORD-00596,CUST-1413,books,5,296.75,1483.75,2026-04-28 10:46:09.768493
ORD-00597,CUST-5841,electronics,4,193.53,774.12,2026-05-11 10:46:09.768499
ORD-00598,CUST-8393,electronics,3,397.16,1191.48,2026-04-26 10:46:09.768505
ORD-00599,CUST-7248,electronics,1,366.16,366.16,2026-04-19 10:46:09.768511
ORD-00600,CUST-5697,sports,4,128.28,513.12,2026-05-11 10:46:09.768517
ORD-00601,CUST-4683,sports,2,159.55,319.1,2026-04-13 10:46:09.768523
ORD-00602,CUST-1230,sports,2,298.84,597.68,2026-05-10 10:46:09.768528
ORD-00603,CUST-6056,electronics,3,149.71,449.13,2026-05-10 10:46:09.768534
ORD-00604,CUST-2510,fashion,3,448.58,1345.74,2026-05-07 10:46:09.768540
ORD-00605,CUST-4930,books,4,225.74,902.96,2026-04-23 10:46:09.768546
ORD-00606,CUST-6885,fashion,4,413.18,1652.72,2026-04-16 10:46:09.768552
ORD-00607,CUST-2835,electronics,4,32.72,130.88,2026-05-06 10:46:09.768559
ORD-00608,CUST-5833,home,2,446.61,893.22,2026-04-18 10:46:09.768564
ORD-00609,CUST-5285,home,5,353.62,1768.1,2026-05-09 10:46:09.768570
ORD-00610,CUST-3741,fashion,1,459.03,459.03,2026-05-05 10:46:09.768576
ORD-00611,CUST-5465,books,5,363.06,1815.3,2026-05-03 10:46:09.768582
ORD-00612,CUST-2462,fashion,5,128.23,641.15,2026-04-15 10:46:09.768610
ORD-00613,CUST-3771,books,4,21.42,85.68,2026-05-04 10:46:09.768617
ORD-00614,CUST-1033,sports,1,285.62,285.62,2026-04-14 10:46:09.768623
ORD-00615,CUST-2890,sports,1,33.15,33.15,2026-04-25 10:46:09.768629
ORD-00616,CUST-7971,home,1,59.08,59.08,2026-05-05 10:46:09.768635
ORD-00617,CUST-4400,sports,3,463.67,1391.01,2026-04-26 10:46:09.768640
ORD-00618,CUST-9543,sports,3,371.94,1115.82,2026-05-06 10:46:09.768646
ORD-00619,CUST-2872,fashion,2,351.03,702.06,2026-04-25 10:46:09.768652
ORD-00620,CUST-5832,books,4,122.31,489.24,2026-04-20 10:46:09.768659
ORD-00621,CUST-4400,sports,5,371.26,1856.3,2026-04-29 10:46:09.768665
ORD-00622,CUST-7708,fashion,1,496.52,496.52,2026-05-11 10:46:09.768671
ORD-00623,CUST-3662,books,3,140.08,420.24,2026-04-18 10:46:09.768677
ORD-00624,CUST-1437,sports,5,248.7,1243.5,2026-04-28 10:46:09.768683
ORD-00625,CUST-8577,home,5,40.55,202.75,2026-05-10 10:46:09.768689
ORD-00626,CUST-2932,home,3,382.49,1147.47,2026-04-20 10:46:09.768697
ORD-00627,CUST-2534,home,4,46.76,187.04,2026-05-04 10:46:09.768703
ORD-00628,CUST-7977,books,2,36.28,72.56,2026-04-12 10:46:09.768711
ORD-00629,CUST-9057,books,4,245.7,982.8,2026-04-21 10:46:09.768717
ORD-00630,CUST-4032,home,2,298.36,596.72,2026-05-11 10:46:09.768723
ORD-00631,CUST-7510,home,5,179.99,899.95,2026-05-01 10:46:09.768728
ORD-00632,CUST-2933,fashion,1,428.88,428.88,2026-05-03 10:46:09.768734
ORD-00633,CUST-8698,books,4,241.85,967.4,2026-04-28 10:46:09.768739
ORD-00634,CUST-6903,books,1,227.75,227.75,2026-04-26 10:46:09.768744
ORD-00635,CUST-6172,fashion,4,322.83,1291.32,2026-04-21 10:46:09.768749
ORD-00636,CUST-9645,fashion,3,15.65,46.95,2026-04-25 10:46:09.768755
ORD-00637,CUST-2072,home,3,275.7,827.1,2026-04-12 10:46:09.768760
ORD-00638,CUST-2007,books,3,317.73,953.19,2026-05-03 10:46:09.768765
ORD-00639,CUST-9472,fashion,2,302.25,604.5,2026-05-12 10:46:09.768770
ORD-00640,CUST-4559,fashion,4,240.36,961.44,2026-05-05 10:46:09.768775
ORD-00641,CUST-4068,fashion,3,192.75,578.25,2026-05-05 10:46:09.768780
ORD-00642,CUST-8046,electronics,4,430.69,1722.76,2026-04-15 10:46:09.768786
ORD-00643,CUST-2140,sports,5,268.15,1340.75,2026-04-24 10:46:09.768791
ORD-00644,CUST-2989,fashion,5,353.06,1765.3,2026-05-12 10:46:09.768796
ORD-00645,CUST-1754,fashion,3,335.42,1006.26,2026-04-12 10:46:09.768801
ORD-00646,CUST-7792,electronics,3,407.25,1221.75,2026-04-27 10:46:09.768806
ORD-00647,CUST-4934,fashion,5,228.81,1144.05,2026-05-12 10:46:09.768811
ORD-00648,CUST-6295,home,4,66.71,266.84,2026-05-06 10:46:09.768817
ORD-00649,CUST-1304,sports,2,148.55,297.1,2026-05-08 10:46:09.768822
ORD-00650,CUST-7853,books,1,60.0,60.0,2026-04-12 10:46:09.768827
ORD-00651,CUST-4375,fashion,5,173.52,867.6,2026-05-09 10:46:09.768832
ORD-00652,CUST-5434,books,3,326.12,978.36,2026-05-01 10:46:09.768837
ORD-00653,CUST-5404,sports,2,304.08,608.16,2026-05-07 10:46:09.768842
ORD-00654,CUST-9573,fashion,1,160.64,160.64,2026-05-08 10:46:09.768848
ORD-00655,CUST-6354,books,1,416.49,416.49,2026-04-13 10:46:09.768853
ORD-00656,CUST-2981,books,5,201.94,1009.7,2026-04-15 10:46:09.768858
ORD-00657,CUST-5640,sports,4,261.55,1046.2,2026-04-27 10:46:09.768863
ORD-00658,CUST-7819,fashion,4,359.28,1437.12,2026-04-24 10:46:09.768868
ORD-00659,CUST-1279,fashion,4,363.23,1452.92,2026-04-13 10:46:09.768873
ORD-00660,CUST-2424,home,4,374.93,1499.72,2026-04-18 10:46:09.768878
ORD-00661,CUST-6157,sports,3,402.88,1208.64,2026-05-08 10:46:09.768884
ORD-00662,CUST-9156,books,1,396.8,396.8,2026-04-19 10:46:09.768889
ORD-00663,CUST-4123,sports,5,10.81,54.05,2026-05-08 10:46:09.768894
ORD-00664,CUST-7288,home,3,272.62,817.86,2026-04-19 10:46:09.768899
ORD-00665,CUST-3565,electronics,2,61.06,122.12,2026-04-20 10:46:09.768904
ORD-00666,CUST-8978,fashion,3,284.25,852.75,2026-04-15 10:46:09.768909
ORD-00667,CUST-9422,fashion,2,90.38,180.76,2026-04-18 10:46:09.768914
ORD-00668,CUST-1730,sports,4,283.07,1132.28,2026-04-23 10:46:09.768919
ORD-00669,CUST-4116,books,2,393.24,786.48,2026-04-28 10:46:09.768925
ORD-00670,CUST-9377,sports,4,129.87,519.48,2026-04-18 10:46:09.768930
ORD-00671,CUST-7256,sports,4,222.27,889.08,2026-05-08 10:46:09.768935
ORD-00672,CUST-4801,electronics,5,422.12,2110.6,2026-04-18 10:46:09.768940
ORD-00673,CUST-5666,fashion,1,169.09,169.09,2026-05-05 10:46:09.768945
ORD-00674,CUST-5501,books,1,51.88,51.88,2026-04-22 10:46:09.768950
ORD-00675,CUST-4275,electronics,2,151.82,303.64,2026-04-27 10:46:09.768955
ORD-00676,CUST-4198,books,1,265.47,265.47,2026-05-06 10:46:09.768960
ORD-00677,CUST-3919,fashion,5,437.07,2185.35,2026-04-14 10:46:09.768965
ORD-00678,CUST-7825,electronics,3,163.94,491.82,2026-05-07 10:46:09.768970
ORD-00679,CUST-8693,home,1,474.57,474.57,2026-05-09 10:46:09.768977
ORD-00680,CUST-8951,fashion,1,44.9,44.9,2026-05-04 10:46:09.768982
ORD-00681,CUST-7172,sports,4,120.88,483.52,2026-05-01 10:46:09.768987
ORD-00682,CUST-3110,electronics,5,224.29,1121.45,2026-04-14 10:46:09.768992
ORD-00683,CUST-2072,sports,2,51.9,103.8,2026-04-26 10:46:09.768999
ORD-00684,CUST-4463,books,5,43.03,215.15,2026-05-08 10:46:09.769004
ORD-00685,CUST-3773,fashion,3,347.46,1042.38,2026-05-05 10:46:09.769010
ORD-00686,CUST-9838,electronics,1,107.68,107.68,2026-04-15 10:46:09.769015
ORD-00687,CUST-1054,electronics,2,136.72,273.44,2026-04-21 10:46:09.769020
ORD-00688,CUST-3556,electronics,2,475.21,950.42,2026-05-12 10:46:09.769025
ORD-00689,CUST-4166,home,5,467.87,2339.35,2026-04-14 10:46:09.769030
ORD-00690,CUST-2353,sports,3,415.74,1247.22,2026-05-10 10:46:09.769035
ORD-00691,CUST-7966,electronics,5,318.47,1592.35,2026-05-02 10:46:09.769040
ORD-00692,CUST-6360,home,1,491.28,491.28,2026-05-03 10:46:09.769046
ORD-00693,CUST-7104,fashion,2,233.42,466.84,2026-05-10 10:46:09.769050
ORD-00694,CUST-9810,books,5,404.02,2020.1,2026-05-10 10:46:09.769056
ORD-00695,CUST-4567,sports,5,428.38,2141.9,2026-04-20 10:46:09.769061
ORD-00696,CUST-5936,sports,4,90.8,363.2,2026-05-02 10:46:09.769066
ORD-00697,CUST-1115,home,2,331.79,663.58,2026-04-22 10:46:09.769071
ORD-00698,CUST-1314,sports,4,394.08,1576.32,2026-04-18 10:46:09.769076
ORD-00699,CUST-8362,electronics,1,334.34,334.34,2026-04-22 10:46:09.769081
ORD-00700,CUST-5888,fashion,3,479.15,1437.45,2026-04-27 10:46:09.769086
ORD-00701,CUST-7761,home,5,194.22,971.1,2026-04-15 10:46:09.769091
ORD-00702,CUST-9521,fashion,2,446.21,892.42,2026-04-18 10:46:09.769096
ORD-00703,CUST-1416,electronics,2,408.3,816.6,2026-05-10 10:46:09.769101
ORD-00704,CUST-4766,home,4,291.05,1164.2,2026-05-01 10:46:09.769106
ORD-00705,CUST-2183,fashion,2,45.38,90.76,2026-04-21 10:46:09.769111
ORD-00706,CUST-2340,electronics,2,292.45,584.9,2026-04-24 10:46:09.769117
ORD-00707,CUST-1995,electronics,3,68.58,205.74,2026-04-26 10:46:09.769122
ORD-00708,CUST-2312,fashion,3,267.19,801.57,2026-04-15 10:46:09.769127
ORD-00709,CUST-8203,electronics,3,106.27,318.81,2026-05-09 10:46:09.769132
ORD-00710,CUST-9305,books,4,216.57,866.28,2026-05-02 10:46:09.769137
ORD-00711,CUST-4399,books,3,461.89,1385.67,2026-04-17 10:46:09.769142
ORD-00712,CUST-2945,electronics,5,210.83,1054.15,2026-05-08 10:46:09.769147
ORD-00713,CUST-7569,sports,1,362.33,362.33,2026-04-22 10:46:09.769154
ORD-00714,CUST-4284,electronics,3,131.68,395.04,2026-04-20 10:46:09.769159
ORD-00715,CUST-8272,home,1,469.66,469.66,2026-05-04 10:46:09.769165
ORD-00716,CUST-9909,electronics,4,331.52,1326.08,2026-04-19 10:46:09.769170
ORD-00717,CUST-7050,books,5,104.6,523.0,2026-04-30 10:46:09.769175
ORD-00718,CUST-3524,home,3,494.1,1482.3,2026-04-21 10:46:09.769180
ORD-00719,CUST-6751,home,4,370.44,1481.76,2026-05-07 10:46:09.769186
ORD-00720,CUST-1499,electronics,4,377.3,1509.2,2026-04-20 10:46:09.769191
ORD-00721,CUST-6209,books,4,314.98,1259.92,2026-04-19 10:46:09.769196
ORD-00722,CUST-6033,home,3,310.07,930.21,2026-05-01 10:46:09.769201
ORD-00723,CUST-3382,sports,2,63.12,126.24,2026-04-14 10:46:09.769206
ORD-00724,CUST-8766,home,4,79.69,318.76,2026-05-12 10:46:09.769211
ORD-00725,CUST-2197,fashion,2,401.21,802.42,2026-05-06 10:46:09.769216
ORD-00726,CUST-4390,electronics,2,59.35,118.7,2026-05-05 10:46:09.769221
ORD-00727,CUST-8436,electronics,5,299.85,1499.25,2026-05-11 10:46:09.769226
ORD-00728,CUST-8904,electronics,3,316.44,949.32,2026-04-21 10:46:09.769231
ORD-00729,CUST-9968,electronics,1,492.95,492.95,2026-04-27 10:46:09.769236
ORD-00730,CUST-2017,home,5,411.4,2057.0,2026-05-11 10:46:09.769242
ORD-00731,CUST-8779,fashion,5,118.67,593.35,2026-04-24 10:46:09.769247
ORD-00732,CUST-3346,books,4,299.77,1199.08,2026-05-01 10:46:09.769254
ORD-00733,CUST-6189,sports,3,412.87,1238.61,2026-05-12 10:46:09.769259
ORD-00734,CUST-3721,home,4,216.87,867.48,2026-04-20 10:46:09.769264
ORD-00735,CUST-4601,sports,2,294.75,589.5,2026-05-10 10:46:09.769269
ORD-00736,CUST-7142,sports,5,34.37,171.85,2026-04-15 10:46:09.769274
ORD-00737,CUST-8865,electronics,3,285.74,857.22,2026-05-04 10:46:09.769279
ORD-00738,CUST-8942,sports,3,459.92,1379.76,2026-05-07 10:46:09.769284
ORD-00739,CUST-5928,home,3,107.46,322.38,2026-04-27 10:46:09.769289
ORD-00740,CUST-2280,home,5,45.41,227.05,2026-05-01 10:46:09.769294
ORD-00741,CUST-4118,fashion,5,104.89,524.45,2026-04-14 10:46:09.769299
ORD-00742,CUST-3493,sports,2,286.36,572.72,2026-04-22 10:46:09.769304
ORD-00743,CUST-8202,fashion,5,215.89,1079.45,2026-04-25 10:46:09.769309
ORD-00744,CUST-3330,fashion,4,233.75,935.0,2026-05-05 10:46:09.769314
ORD-00745,CUST-3952,electronics,1,198.9,198.9,2026-04-23 10:46:09.769320
ORD-00746,CUST-8619,books,2,323.17,646.34,2026-04-24 10:46:09.769325
ORD-00747,CUST-8928,fashion,5,428.72,2143.6,2026-05-01 10:46:09.769330
ORD-00748,CUST-9632,fashion,3,206.62,619.86,2026-05-03 10:46:09.769335
ORD-00749,CUST-8360,books,2,241.35,482.7,2026-05-08 10:46:09.769340
ORD-00750,CUST-1330,electronics,3,181.34,544.02,2026-04-23 10:46:09.769345
ORD-00751,CUST-2629,books,4,323.08,1292.32,2026-04-20 10:46:09.769350
ORD-00752,CUST-7140,home,2,441.05,882.1,2026-05-06 10:46:09.769355
ORD-00753,CUST-3326,fashion,5,345.32,1726.6,2026-04-24 10:46:09.769360
ORD-00754,CUST-5992,books,2,185.02,370.04,2026-05-10 10:46:09.769365
ORD-00755,CUST-8227,fashion,3,259.29,777.87,2026-05-06 10:46:09.769370
ORD-00756,CUST-5066,books,5,395.12,1975.6,2026-05-04 10:46:09.769375
ORD-00757,CUST-7342,home,3,174.0,522.0,2026-05-08 10:46:09.769381
ORD-00758,CUST-1975,books,4,238.07,952.28,2026-05-01 10:46:09.769386
ORD-00759,CUST-9561,electronics,2,430.02,860.04,2026-05-06 10:46:09.769391
ORD-00760,CUST-3131,home,4,436.58,1746.32,2026-05-11 10:46:09.769396
ORD-00761,CUST-9684,books,5,409.57,2047.85,2026-04-22 10:46:09.769401
ORD-00762,CUST-5231,electronics,4,79.45,317.8,2026-04-12 10:46:09.769407
ORD-00763,CUST-2201,electronics,1,350.2,350.2,2026-05-10 10:46:09.769412
ORD-00764,CUST-2448,electronics,3,182.24,546.72,2026-04-18 10:46:09.769417
ORD-00765,CUST-6583,sports,2,395.84,791.68,2026-05-03 10:46:09.769422
ORD-00766,CUST-4126,home,2,45.79,91.58,2026-04-21 10:46:09.769427
ORD-00767,CUST-4153,books,1,125.16,125.16,2026-04-14 10:46:09.769432
ORD-00768,CUST-1811,books,2,466.03,932.06,2026-04-26 10:46:09.769437
ORD-00769,CUST-7382,electronics,2,303.35,606.7,2026-04-25 10:46:09.769442
ORD-00770,CUST-9779,sports,2,118.19,236.38,2026-04-14 10:46:09.769448
ORD-00771,CUST-3046,home,1,235.11,235.11,2026-04-12 10:46:09.769453
ORD-00772,CUST-1264,sports,2,473.96,947.92,2026-05-03 10:46:09.769459
ORD-00773,CUST-4053,fashion,3,387.48,1162.44,2026-04-19 10:46:09.769464
ORD-00774,CUST-1196,fashion,5,384.85,1924.25,2026-05-11 10:46:09.769469
ORD-00775,CUST-5123,fashion,5,444.69,2223.45,2026-04-22 10:46:09.769474
ORD-00776,CUST-4310,home,3,438.79,1316.37,2026-04-16 10:46:09.769479
ORD-00777,CUST-2970,books,2,354.27,708.54,2026-05-09 10:46:09.769484
ORD-00778,CUST-4511,home,4,194.59,778.36,2026-05-04 10:46:09.769489
ORD-00779,CUST-6532,fashion,4,113.1,452.4,2026-04-28 10:46:09.769494
ORD-00780,CUST-1162,electronics,5,223.73,1118.65,2026-05-05 10:46:09.769499
ORD-00781,CUST-9055,home,2,316.24,632.48,2026-04-22 10:46:09.769504
ORD-00782,CUST-3119,electronics,5,177.62,888.1,2026-05-12 10:46:09.769509
ORD-00783,CUST-3780,books,2,50.09,100.18,2026-05-12 10:46:09.769514
ORD-00784,CUST-5102,sports,1,188.76,188.76,2026-04-28 10:46:09.769520
ORD-00785,CUST-6575,sports,4,235.13,940.52,2026-04-18 10:46:09.769527
ORD-00786,CUST-5711,books,5,424.83,2124.15,2026-04-16 10:46:09.769532
ORD-00787,CUST-3690,home,1,87.19,87.19,2026-04-29 10:46:09.769537
ORD-00788,CUST-5150,home,4,246.3,985.2,2026-04-15 10:46:09.769542
ORD-00789,CUST-2684,home,3,187.11,561.33,2026-05-09 10:46:09.769547
ORD-00790,CUST-9131,sports,4,84.6,338.4,2026-05-02 10:46:09.769553
ORD-00791,CUST-7226,fashion,5,450.82,2254.1,2026-04-26 10:46:09.769558
ORD-00792,CUST-9814,books,2,430.42,860.84,2026-04-27 10:46:09.769563
ORD-00793,CUST-1945,books,5,199.23,996.15,2026-05-05 10:46:09.769568
ORD-00794,CUST-3677,books,1,123.5,123.5,2026-05-01 10:46:09.769573
ORD-00795,CUST-6515,fashion,5,298.45,1492.25,2026-04-13 10:46:09.769578
ORD-00796,CUST-3395,books,1,381.42,381.42,2026-04-23 10:46:09.769584
ORD-00797,CUST-8607,books,1,38.69,38.69,2026-05-07 10:46:09.769589
ORD-00798,CUST-5738,books,5,383.58,1917.9,2026-05-01 10:46:09.769596
ORD-00799,CUST-1716,books,2,445.26,890.52,2026-04-27 10:46:09.769601
ORD-00800,CUST-5474,books,1,349.12,349.12,2026-05-03 10:46:09.769606
ORD-00801,CUST-7719,books,3,177.22,531.66,2026-05-10 10:46:09.769611
ORD-00802,CUST-7341,fashion,5,296.65,1483.25,2026-04-22 10:46:09.769616
ORD-00803,CUST-4763,fashion,2,478.23,956.46,2026-04-16 10:46:09.769622
ORD-00804,CUST-9261,electronics,2,30.02,60.04,2026-05-03 10:46:09.769627
ORD-00805,CUST-3846,sports,5,52.84,264.2,2026-05-06 10:46:09.769632
ORD-00806,CUST-3428,sports,1,357.7,357.7,2026-04-29 10:46:09.769637
ORD-00807,CUST-5105,home,5,464.97,2324.85,2026-04-19 10:46:09.769642
ORD-00808,CUST-9389,electronics,2,306.57,613.14,2026-05-10 10:46:09.769647
ORD-00809,CUST-8439,electronics,5,79.32,396.6,2026-04-16 10:46:09.769652
ORD-00810,CUST-5218,fashion,5,488.07,2440.35,2026-04-25 10:46:09.769658
ORD-00811,CUST-5883,home,4,166.56,666.24,2026-05-01 10:46:09.769663
ORD-00812,CUST-8426,books,5,303.29,1516.45,2026-04-16 10:46:09.769668
ORD-00813,CUST-5788,fashion,4,55.12,220.48,2026-04-17 10:46:09.769673
ORD-00814,CUST-1561,sports,2,72.85,145.7,2026-04-17 10:46:09.769678
ORD-00815,CUST-8289,books,1,491.73,491.73,2026-04-18 10:46:09.769684
ORD-00816,CUST-6648,sports,2,415.54,831.08,2026-04-23 10:46:09.769689
ORD-00817,CUST-9173,fashion,1,215.72,215.72,2026-05-04 10:46:09.769694
ORD-00818,CUST-8535,electronics,3,61.29,183.87,2026-04-27 10:46:09.769699
ORD-00819,CUST-2253,electronics,5,31.59,157.95,2026-04-27 10:46:09.769704
ORD-00820,CUST-7333,electronics,4,402.02,1608.08,2026-05-09 10:46:09.769709
ORD-00821,CUST-5277,books,4,135.46,541.84,2026-04-15 10:46:09.769714
ORD-00822,CUST-4041,home,1,476.3,476.3,2026-04-29 10:46:09.769719
ORD-00823,CUST-3098,sports,1,343.08,343.08,2026-04-13 10:46:09.769724
ORD-00824,CUST-9564,books,4,471.63,1886.52,2026-05-08 10:46:09.769729
ORD-00825,CUST-7107,books,2,97.27,194.54,2026-05-09 10:46:09.769734
ORD-00826,CUST-9629,electronics,3,254.15,762.45,2026-05-05 10:46:09.769739
ORD-00827,CUST-5953,sports,2,118.1,236.2,2026-04-15 10:46:09.769744
ORD-00828,CUST-2890,books,4,273.22,1092.88,2026-04-12 10:46:09.769750
ORD-00829,CUST-5945,electronics,2,119.31,238.62,2026-04-16 10:46:09.769755
ORD-00830,CUST-7784,electronics,3,330.77,992.31,2026-05-06 10:46:09.769760
ORD-00831,CUST-6024,fashion,2,54.07,108.14,2026-04-17 10:46:09.769765
ORD-00832,CUST-9125,electronics,5,105.45,527.25,2026-05-05 10:46:09.769770
ORD-00833,CUST-2868,fashion,3,469.48,1408.44,2026-05-09 10:46:09.769775
ORD-00834,CUST-5967,sports,5,84.89,424.45,2026-04-26 10:46:09.769780
ORD-00835,CUST-2746,books,2,452.51,905.02,2026-05-03 10:46:09.769785
ORD-00836,CUST-2031,fashion,2,35.1,70.2,2026-05-10 10:46:09.769790
ORD-00837,CUST-7625,books,1,190.18,190.18,2026-04-15 10:46:09.769795
ORD-00838,CUST-9734,books,2,10.56,21.12,2026-04-16 10:46:09.769802
ORD-00839,CUST-9156,sports,5,474.66,2373.3,2026-05-05 10:46:09.769807
ORD-00840,CUST-3254,electronics,5,383.74,1918.7,2026-04-29 10:46:09.769813
ORD-00841,CUST-4333,fashion,3,394.33,1182.99,2026-05-12 10:46:09.769818
ORD-00842,CUST-5038,home,2,79.3,158.6,2026-04-22 10:46:09.769823
ORD-00843,CUST-5199,fashion,3,115.54,346.62,2026-05-09 10:46:09.769828
ORD-00844,CUST-4856,sports,2,108.56,217.12,2026-05-05 10:46:09.769833
ORD-00845,CUST-6173,fashion,4,383.11,1532.44,2026-04-23 10:46:09.769838
ORD-00846,CUST-1715,sports,2,395.67,791.34,2026-04-24 10:46:09.769843
ORD-00847,CUST-1533,sports,2,412.65,825.3,2026-04-24 10:46:09.769848
ORD-00848,CUST-4906,electronics,5,344.52,1722.6,2026-04-23 10:46:09.769854
ORD-00849,CUST-9181,home,2,484.81,969.62,2026-04-26 10:46:09.769860
ORD-00850,CUST-7029,fashion,3,382.32,1146.96,2026-05-02 10:46:09.769865
ORD-00851,CUST-2173,fashion,1,471.54,471.54,2026-04-27 10:46:09.769870
ORD-00852,CUST-8552,books,2,20.04,40.08,2026-05-11 10:46:09.769875
ORD-00853,CUST-4463,home,4,363.39,1453.56,2026-04-13 10:46:09.769880
ORD-00854,CUST-9144,sports,5,239.87,1199.35,2026-05-10 10:46:09.769885
ORD-00855,CUST-4746,fashion,5,388.93,1944.65,2026-05-10 10:46:09.769890
ORD-00856,CUST-4072,fashion,4,42.72,170.88,2026-04-18 10:46:09.769895
ORD-00857,CUST-6525,fashion,4,462.47,1849.88,2026-05-03 10:46:09.769900
ORD-00858,CUST-2500,sports,1,24.72,24.72,2026-05-01 10:46:09.769906
ORD-00859,CUST-3106,books,3,476.25,1428.75,2026-04-30 10:46:09.769911
ORD-00860,CUST-7880,sports,4,258.84,1035.36,2026-04-18 10:46:09.769916
ORD-00861,CUST-6676,sports,2,464.56,929.12,2026-04-25 10:46:09.769921
ORD-00862,CUST-1935,electronics,4,251.64,1006.56,2026-04-12 10:46:09.769928
ORD-00863,CUST-7447,sports,4,337.25,1349.0,2026-04-21 10:46:09.769933
ORD-00864,CUST-5792,sports,3,407.61,1222.83,2026-04-29 10:46:09.769939
ORD-00865,CUST-3594,books,5,487.59,2437.95,2026-05-11 10:46:09.769944
ORD-00866,CUST-8981,books,1,144.87,144.87,2026-05-09 10:46:09.769949
ORD-00867,CUST-5410,fashion,4,161.63,646.52,2026-04-20 10:46:09.769954
ORD-00868,CUST-5619,fashion,4,424.89,1699.56,2026-04-20 10:46:09.769959
ORD-00869,CUST-3976,books,3,252.51,757.53,2026-04-16 10:46:09.769964
ORD-00870,CUST-2690,sports,5,187.75,938.75,2026-04-26 10:46:09.769969
ORD-00871,CUST-5589,books,5,261.97,1309.85,2026-04-23 10:46:09.769975
ORD-00872,CUST-2308,books,1,472.91,472.91,2026-04-24 10:46:09.769980
ORD-00873,CUST-5373,home,3,319.16,957.48,2026-05-01 10:46:09.769985
ORD-00874,CUST-7050,home,3,456.91,1370.73,2026-04-15 10:46:09.769990
ORD-00875,CUST-7420,electronics,5,354.67,1773.35,2026-04-12 10:46:09.769996
ORD-00876,CUST-2879,fashion,2,205.12,410.24,2026-04-21 10:46:09.770001
ORD-00877,CUST-6128,home,5,42.06,210.3,2026-04-28 10:46:09.770006
ORD-00878,CUST-8785,books,4,361.43,1445.72,2026-05-11 10:46:09.770011
ORD-00879,CUST-3536,electronics,5,52.83,264.15,2026-04-16 10:46:09.770016
ORD-00880,CUST-7994,sports,5,214.61,1073.05,2026-04-23 10:46:09.770022
ORD-00881,CUST-5899,sports,4,12.42,49.68,2026-05-03 10:46:09.770026
ORD-00882,CUST-8113,home,4,430.32,1721.28,2026-04-14 10:46:09.770032
ORD-00883,CUST-3713,fashion,4,384.77,1539.08,2026-04-16 10:46:09.770043
ORD-00884,CUST-4719,home,5,381.24,1906.2,2026-05-07 10:46:09.770048
ORD-00885,CUST-3656,sports,3,21.98,65.94,2026-05-12 10:46:09.770053
ORD-00886,CUST-3367,home,2,160.79,321.58,2026-05-06 10:46:09.770059
ORD-00887,CUST-9753,home,5,486.83,2434.15,2026-04-22 10:46:09.770064
ORD-00888,CUST-1996,fashion,3,128.64,385.92,2026-05-02 10:46:09.770069
ORD-00889,CUST-4160,electronics,5,236.77,1183.85,2026-05-04 10:46:09.770074
ORD-00890,CUST-4734,electronics,3,101.5,304.5,2026-04-12 10:46:09.770079
ORD-00891,CUST-4957,books,1,424.79,424.79,2026-04-22 10:46:09.770086
ORD-00892,CUST-4264,home,4,317.95,1271.8,2026-05-11 10:46:09.770091
ORD-00893,CUST-7699,home,2,194.49,388.98,2026-04-27 10:46:09.770096
ORD-00894,CUST-3946,fashion,5,61.24,306.2,2026-04-19 10:46:09.770101
ORD-00895,CUST-1673,home,5,68.82,344.1,2026-04-17 10:46:09.770106
ORD-00896,CUST-1822,electronics,4,403.09,1612.36,2026-04-30 10:46:09.770112
ORD-00897,CUST-2286,electronics,1,114.45,114.45,2026-05-09 10:46:09.770117
ORD-00898,CUST-5185,books,1,355.6,355.6,2026-04-30 10:46:09.770122
ORD-00899,CUST-3959,sports,2,397.05,794.1,2026-04-19 10:46:09.770128
ORD-00900,CUST-4902,books,2,402.88,805.76,2026-04-25 10:46:09.770133
ORD-00901,CUST-9828,fashion,1,100.37,100.37,2026-05-01 10:46:09.770138
ORD-00902,CUST-7097,home,3,227.68,683.04,2026-05-09 10:46:09.770143
ORD-00903,CUST-6051,books,5,296.08,1480.4,2026-04-18 10:46:09.770148
ORD-00904,CUST-8284,books,3,416.08,1248.24,2026-05-02 10:46:09.770153
ORD-00905,CUST-9535,electronics,3,255.68,767.04,2026-04-15 10:46:09.770158
ORD-00906,CUST-8262,sports,1,108.62,108.62,2026-05-01 10:46:09.770163
ORD-00907,CUST-7026,fashion,1,87.14,87.14,2026-05-10 10:46:09.770168
ORD-00908,CUST-6769,home,5,371.35,1856.75,2026-05-10 10:46:09.770173
ORD-00909,CUST-5076,electronics,5,386.29,1931.45,2026-04-27 10:46:09.770178
ORD-00910,CUST-4536,fashion,4,38.44,153.76,2026-04-15 10:46:09.770184
ORD-00911,CUST-9464,electronics,1,341.17,341.17,2026-04-23 10:46:09.770189
ORD-00912,CUST-2921,books,1,123.09,123.09,2026-05-11 10:46:09.770194
ORD-00913,CUST-5795,home,1,425.81,425.81,2026-05-05 10:46:09.770199
ORD-00914,CUST-3574,electronics,5,132.84,664.2,2026-04-29 10:46:09.770205
ORD-00915,CUST-9913,sports,5,217.73,1088.65,2026-05-07 10:46:09.770210
ORD-00916,CUST-5123,home,1,365.09,365.09,2026-05-05 10:46:09.770215
ORD-00917,CUST-8775,home,2,324.2,648.4,2026-04-15 10:46:09.770220
ORD-00918,CUST-7504,sports,1,235.88,235.88,2026-05-02 10:46:09.770226
ORD-00919,CUST-8022,electronics,3,451.83,1355.49,2026-04-24 10:46:09.770231
ORD-00920,CUST-2578,sports,1,228.65,228.65,2026-04-26 10:46:09.770236
ORD-00921,CUST-5816,books,4,373.84,1495.36,2026-04-29 10:46:09.770241
ORD-00922,CUST-8456,electronics,5,449.8,2249.0,2026-05-04 10:46:09.770246
ORD-00923,CUST-2012,home,1,472.3,472.3,2026-04-29 10:46:09.770251
ORD-00924,CUST-5905,electronics,5,93.64,468.2,2026-04-18 10:46:09.770257
ORD-00925,CUST-3820,electronics,4,367.83,1471.32,2026-04-26 10:46:09.770262
ORD-00926,CUST-2189,books,5,235.5,1177.5,2026-04-17 10:46:09.770268
ORD-00927,CUST-7826,electronics,1,308.81,308.81,2026-05-07 10:46:09.770273
ORD-00928,CUST-9750,electronics,3,154.59,463.77,2026-04-28 10:46:09.770278
ORD-00929,CUST-3103,sports,3,102.55,307.65,2026-04-29 10:46:09.770283
ORD-00930,CUST-3073,electronics,3,421.45,1264.35,2026-05-11 10:46:09.770288
ORD-00931,CUST-7587,books,3,92.87,278.61,2026-04-12 10:46:09.770293
ORD-00932,CUST-6915,electronics,2,235.1,470.2,2026-05-08 10:46:09.770298
ORD-00933,CUST-9593,books,3,247.79,743.37,2026-05-06 10:46:09.770303
ORD-00934,CUST-8826,electronics,3,347.9,1043.7,2026-05-07 10:46:09.770308
ORD-00935,CUST-1977,books,3,60.05,180.15,2026-04-22 10:46:09.770313
ORD-00936,CUST-9414,fashion,2,109.59,219.18,2026-04-18 10:46:09.770318
ORD-00937,CUST-7596,fashion,3,93.39,280.17,2026-05-10 10:46:09.770323
ORD-00938,CUST-9067,home,1,384.99,384.99,2026-05-08 10:46:09.770330
ORD-00939,CUST-7073,home,4,262.96,1051.84,2026-05-10 10:46:09.770336
ORD-00940,CUST-5835,books,1,97.73,97.73,2026-05-05 10:46:09.770341
ORD-00941,CUST-6640,fashion,3,244.09,732.27,2026-05-01 10:46:09.770346
ORD-00942,CUST-3826,electronics,2,27.55,55.1,2026-04-14 10:46:09.770351
ORD-00943,CUST-2196,sports,4,441.33,1765.32,2026-04-20 10:46:09.770357
ORD-00944,CUST-6592,home,3,477.61,1432.83,2026-04-23 10:46:09.770364
ORD-00945,CUST-2367,books,3,239.63,718.89,2026-05-03 10:46:09.770369
ORD-00946,CUST-4697,books,4,53.15,212.6,2026-05-08 10:46:09.770375
ORD-00947,CUST-4709,sports,4,498.47,1993.88,2026-05-04 10:46:09.770380
ORD-00948,CUST-9581,home,4,476.07,1904.28,2026-04-27 10:46:09.770385
ORD-00949,CUST-7009,home,5,498.87,2494.35,2026-04-14 10:46:09.770390
ORD-00950,CUST-9672,fashion,5,232.31,1161.55,2026-04-24 10:46:09.770395
ORD-00951,CUST-2826,sports,4,132.7,530.8,2026-05-07 10:46:09.770401
ORD-00952,CUST-7729,sports,4,308.52,1234.08,2026-04-16 10:46:09.770406
ORD-00953,CUST-8242,sports,4,374.43,1497.72,2026-04-12 10:46:09.770411
ORD-00954,CUST-9917,sports,2,346.6,693.2,2026-04-26 10:46:09.770416
ORD-00955,CUST-7045,home,3,65.78,197.34,2026-04-12 10:46:09.770421
ORD-00956,CUST-6294,fashion,1,390.84,390.84,2026-04-22 10:46:09.770427
ORD-00957,CUST-7648,electronics,4,253.41,1013.64,2026-04-19 10:46:09.770432
ORD-00958,CUST-2996,sports,5,132.32,661.6,2026-04-12 10:46:09.770437
ORD-00959,CUST-6418,fashion,1,307.22,307.22,2026-04-17 10:46:09.770442
ORD-00960,CUST-3236,books,1,480.51,480.51,2026-05-11 10:46:09.770447
ORD-00961,CUST-4572,home,3,335.03,1005.09,2026-05-12 10:46:09.770453
ORD-00962,CUST-8801,electronics,1,383.55,383.55,2026-04-26 10:46:09.770458
ORD-00963,CUST-3579,electronics,4,45.23,180.92,2026-05-05 10:46:09.770463
ORD-00964,CUST-1484,books,1,326.71,326.71,2026-04-30 10:46:09.770468
ORD-00965,CUST-9046,electronics,1,449.3,449.3,2026-05-09 10:46:09.770473
ORD-00966,CUST-1940,sports,1,159.68,159.68,2026-04-27 10:46:09.770478
ORD-00967,CUST-6140,fashion,4,166.98,667.92,2026-04-29 10:46:09.770484
ORD-00968,CUST-4435,fashion,1,48.05,48.05,2026-04-21 10:46:09.770491
ORD-00969,CUST-8167,home,4,366.47,1465.88,2026-04-21 10:46:09.770496
ORD-00970,CUST-9828,books,4,376.87,1507.48,2026-04-26 10:46:09.770501
ORD-00971,CUST-4601,books,3,178.13,534.39,2026-04-14 10:46:09.770506
ORD-00972,CUST-7808,electronics,4,179.19,716.76,2026-04-22 10:46:09.770511
ORD-00973,CUST-1167,electronics,2,256.05,512.1,2026-04-30 10:46:09.770516
ORD-00974,CUST-8416,fashion,1,338.01,338.01,2026-04-26 10:46:09.770521
ORD-00975,CUST-3900,sports,3,409.56,1228.68,2026-04-21 10:46:09.770527
ORD-00976,CUST-4542,fashion,2,464.6,929.2,2026-04-28 10:46:09.770532
ORD-00977,CUST-3663,electronics,5,97.58,487.9,2026-04-13 10:46:09.770537
ORD-00978,CUST-9038,electronics,1,162.48,162.48,2026-05-09 10:46:09.770542
ORD-00979,CUST-5099,home,3,19.73,59.19,2026-05-08 10:46:09.770547
ORD-00980,CUST-6643,books,1,226.55,226.55,2026-05-12 10:46:09.770552
ORD-00981,CUST-8888,electronics,5,408.55,2042.75,2026-05-02 10:46:09.770557
ORD-00982,CUST-1349,fashion,3,86.32,258.96,2026-05-03 10:46:09.770562
ORD-00983,CUST-8344,books,1,189.17,189.17,2026-05-05 10:46:09.770567
ORD-00984,CUST-3625,books,3,340.83,1022.49,2026-05-11 10:46:09.770572
ORD-00985,CUST-3565,electronics,2,85.27,170.54,2026-04-25 10:46:09.770578
ORD-00986,CUST-7270,electronics,2,105.52,211.04,2026-05-08 10:46:09.770582
ORD-00987,CUST-9514,books,4,89.22,356.88,2026-04-13 10:46:09.770587
ORD-00988,CUST-5298,sports,5,458.42,2292.1,2026-04-22 10:46:09.770593
ORD-00989,CUST-5449,electronics,5,57.06,285.3,2026-04-29 10:46:09.770598
ORD-00990,CUST-4908,sports,4,330.84,1323.36,2026-04-29 10:46:09.770603
ORD-00991,CUST-3337,home,2,161.96,323.92,2026-04-25 10:46:09.770608
ORD-00992,CUST-2217,home,5,182.84,914.2,2026-05-10 10:46:09.770613
ORD-00993,CUST-2952,books,2,244.97,489.94,2026-04-13 10:46:09.770618
ORD-00994,CUST-5724,fashion,1,319.17,319.17,2026-05-04 10:46:09.770624
ORD-00995,CUST-3601,sports,2,260.1,520.2,2026-04-25 10:46:09.770629
ORD-00996,CUST-5256,home,2,498.76,997.52,2026-04-27 10:46:09.770634
ORD-00997,CUST-5886,sports,3,497.93,1493.79,2026-04-17 10:46:09.770641
ORD-00998,CUST-9686,electronics,5,416.18,2080.9,2026-04-15 10:46:09.770646
ORD-00999,CUST-1116,sports,5,375.88,1879.4,2026-04-19 10:46:09.770651
ORD-01000,CUST-6007,books,3,174.09,522.27,2026-04-24 10:46:09.770657
